type,record_count,field_count,total_size_kb,nesting_depth,cpu_true,mem_true
data,1,2,0.5,1,0.5,5
data,10,5,1,1,1.0,8
data,50,8,5,1,2.0,12
data,100,10,10,2,3.5,18
data,500,15,30,2,6.0,30
data,1000,20,80,2,10.0,50
data,5000,25,200,3,18.0,80
data,10000,30,500,3,28.0,130
data,50000,40,2000,4,55.0,300
data,100000,50,5000,4,85.0,550
data,500000,60,10000,5,140.0,1000
data,903020,43,7051697.5,7,131.59,4689983.13
data,916891,28,160831.8,2,108.26,104293.51
data,948857,61,8542884.2,6,152.87,4704714.51
data,244331,3,103313.9,8,117.81,53521.04
data,699785,81,3578133.4,7,161.89,2535667.02
data,552501,3,224667.5,7,114.92,116268.19
data,160133,66,1759969.9,5,134.51,888400.42
data,964669,97,1311153.2,1,101.04,992572.75
data,699663,73,8520176.7,1,96.47,4607681.27
data,551464,38,796243.2,8,143.98,489083.13
data,664663,50,5410648.3,5,81.7,3137425.44
data,181109,55,1408804.3,5,120.23,961135.21
data,910369,85,3116227.1,8,194.31,1652231.2
data,193373,17,425259.9,4,113.66,248306.52
data,200495,32,529273.1,3,87.14,274677.32
data,33411,13,20283.8,4,77.43,13301.07
data,628639,45,1360554.1,7,86.78,816780.78
data,935416,71,3813329.6,4,122.81,2085517.43
data,304719,71,721626.2,3,121.92,486880.09
data,400068,77,1280293.7,7,161.34,855151.63
data,123403,83,138327.9,5,120.54,91061.04
data,615037,67,1483839.4,7,163.24,847757.0
data,943437,85,2530413.4,5,150.67,1277879.95
data,265002,1,23978.8,6,91.06,13294.62
data,197025,95,3087565.4,8,178.49,1694442.42
data,57000,24,170461.6,2,76.49,106143.64
data,217997,5,165935.6,3,81.97,103521.48
data,759418,23,1150989.0,4,87.67,806890.22
data,736560,98,908746.6,1,122.58,655923.93
data,285997,3,76761.7,1,63.79,42616.96
data,74353,22,180547.2,1,93.91,125563.94
data,840898,13,354172.3,2,76.43,240314.06
data,446809,4,111207.1,1,83.56,60893.13
data,356295,63,2109589.1,2,110.54,1411246.77
data,258700,43,1147952.2,8,143.64,525747.33
data,768185,53,4280007.9,2,104.29,2786311.61
data,748962,85,7211892.0,8,189.64,4274426.43
data,70946,86,1173562.3,1,127.79,613120.26
data,604080,29,2162813.5,4,133.33,1352073.35
data,2046,10,3104.2,2,58.3,2000.54
data,994391,81,14011177.5,1,131.88,8483712.27
data,418726,86,1932321.3,1,107.43,1234329.91
data,848313,92,12586464.6,8,155.81,7860355.08
data,201951,71,778017.3,3,110.58,459895.58
data,420602,30,607484.2,6,119.71,362059.43
data,699532,19,822615.6,6,142.63,547727.25
data,806995,74,5924882.8,4,132.59,3706441.45
data,164974,13,428290.4,1,98.6,267401.32
data,386444,7,503606.6,4,86.94,308178.52
data,1685,64,15012.3,1,73.16,9872.28
data,955819,66,1177452.0,8,99.36,743847.27
data,944250,43,3454337.9,5,114.2,1716138.93
data,60975,1,952.7,1,66.72,591.33
data,602308,29,968147.0,8,148.22,523073.63
data,191115,14,34942.2,3,87.2,21990.51
data,50208,92,252346.5,8,158.04,102699.54
data,509432,4,125328.3,5,109.41,67732.88
data,115301,69,187066.9,5,139.98,122010.63
data,283740,58,1084096.5,4,96.23,613374.65
data,377860,82,5208461.2,7,155.71,2923880.86
data,13196,75,164743.8,7,95.31,92300.52
data,90147,13,156940.9,7,127.26,95048.94
data,642934,36,4019032.8,7,159.2,2064615.91
data,888801,79,9550328.7,3,117.27,5302156.03
data,615032,19,1738289.6,1,66.57,995932.67
data,899159,50,4525250.6,6,155.3,2761358.93
data,229418,35,527226.8,5,90.75,284156.11
data,27017,26,99093.0,1,74.94,70466.06
data,690261,54,7181590.2,5,166.63,4671227.09
data,536710,46,159181.5,5,116.71,75135.41
data,781877,26,2319136.4,4,130.61,1404472.71
data,173165,86,144245.6,2,134.3,99185.87
data,679882,30,179570.0,4,123.92,106145.41
data,798591,4,94067.5,8,123.88,53051.11
data,188909,56,1507406.3,3,108.25,641576.43
data,598652,59,1038629.2,1,107.25,489543.91
data,298428,19,780329.1,6,111.01,498236.87
data,77040,95,1387715.6,5,137.88,867140.17
data,685494,90,1113698.6,7,139.76,830755.91
data,853679,94,10535667.7,1,146.49,5472513.62
data,203575,73,396564.4,6,101.95,240044.45
data,662969,71,2198711.8,5,169.63,1598745.91
data,135866,24,239204.2,7,98.94,130928.12
data,786176,37,3920642.7,2,111.39,2773975.17
data,967260,27,1473428.4,5,167.16,1054360.0
data,996211,67,1442831.3,4,133.23,1071554.0
data,447098,97,600449.6,8,205.51,410039.22
data,555248,57,5237785.2,7,182.4,3353963.27
data,434566,15,805865.3,4,95.01,424712.93
data,721211,42,4181067.0,1,89.81,2242428.16
data,363757,34,952373.6,8,145.56,496653.86
data,755037,59,1630076.8,4,108.68,912306.1
data,6153,68,66832.7,2,78.29,43109.61
data,660324,67,7051083.0,8,102.19,3914722.59
data,333070,5,111865.5,5,97.16,57736.39
data,465972,5,308409.8,5,105.48,221035.54
data,619023,77,6489236.0,2,141.37,4464899.74
data,203574,65,1998728.6,3,123.26,1241380.5
data,983166,57,2069843.9,5,78.32,1183654.12
data,446416,28,913834.9,7,130.28,600136.91
data,182121,40,844761.8,4,106.47,488010.48
data,320757,93,1629354.3,5,160.14,924640.89
data,968329,7,962947.8,4,107.67,658294.33
data,419932,71,228602.8,8,160.19,129771.01
data,283209,97,2792032.8,5,120.29,1774209.78
data,710919,15,2083635.2,8,99.31,1267113.63
data,310546,92,3526454.1,6,195.16,2157410.92
data,126712,81,1879812.6,2,115.79,1281384.61
data,390333,12,523106.0,7,106.48,273391.89
data,702492,67,2668984.1,2,109.02,1542841.9
data,574861,87,854104.7,8,119.63,516747.88
data,428778,69,2432753.5,2,124.81,1839720.61
data,356678,87,1980090.4,4,165.23,1308908.75
data,120753,68,194116.9,1,132.14,136910.34
data,414652,56,505389.8,2,135.46,299629.07
data,672421,50,3004439.5,3,133.6,2258708.2
data,226514,51,2082714.0,8,144.78,1216649.04
data,607129,5,264652.3,8,147.69,154578.12
data,689219,61,5388855.0,6,124.95,3503092.2
data,958413,90,2095376.8,7,128.84,1253922.52
data,200894,93,2801975.9,1,117.76,1616412.27
data,274925,3,14674.8,2,72.61,7003.99
data,496319,71,2816698.5,1,102.78,1719733.77
data,996858,76,14338997.1,6,187.82,9208303.17
data,770255,15,53483.0,6,157.62,29775.48
data,530310,72,354940.8,8,180.81,172110.73
data,873189,68,11874326.4,8,169.21,8313815.93
data,304547,85,5073574.1,4,140.26,3301010.55
data,376164,21,1531152.0,1,111.98,958403.29
data,609295,97,2325546.8,5,156.53,1647436.09
data,616379,25,2882248.5,3,120.25,1671843.81
data,97811,53,226766.8,6,129.67,136165.13
data,63234,15,38006.9,3,82.36,24227.63
data,541978,91,766202.0,4,90.14,527307.91
data,394940,19,944810.0,1,102.57,524920.99
data,640502,74,5111899.2,5,122.67,3178633.38
data,536495,54,1415729.7,7,132.95,873100.06
data,694682,99,10336085.6,3,118.1,6006235.21
data,552109,53,4368695.0,8,127.3,2209733.22
data,832501,92,8209521.5,1,130.85,4904785.25
data,186193,34,929297.3,4,132.12,632461.18
data,255606,39,1251744.1,4,138.25,840914.56
data,276033,8,214660.4,5,97.96,130538.22
data,403216,60,327268.1,6,120.09,202410.07
data,233659,87,2915239.6,4,117.22,1774575.59
data,917065,61,2830980.1,6,140.11,1462032.48
data,592688,52,5225336.0,5,114.65,2960840.42
data,515603,65,6143381.9,6,121.66,4096139.63
data,251043,67,1734154.4,4,100.42,857364.15
data,286285,17,868502.6,1,74.08,559440.84
data,715371,48,5055414.3,5,113.16,2760858.56
data,128641,79,197010.0,6,141.28,107896.9
data,155015,80,560420.1,2,114.66,363580.65
data,915868,70,12100463.9,4,107.07,7436121.72
data,820720,27,2800767.3,8,139.34,1551156.23
data,905703,54,7851860.2,4,142.21,5753697.19
data,246757,28,589805.2,2,100.41,346513.37
data,567651,39,3909036.8,2,115.72,2266627.43
data,447451,52,587888.8,1,104.01,325770.12
data,576879,60,6258153.7,1,119.29,3486639.3
data,896693,85,13515344.9,3,136.22,8992567.59
data,587829,67,1384625.2,4,134.62,763830.74
data,413967,76,473148.5,4,141.71,283511.19
data,287116,72,3471591.8,5,104.61,2211911.18
data,523601,2,175610.6,1,79.0,99759.78
data,444227,83,6079045.6,1,126.64,3513419.11
data,447459,7,327497.5,5,103.11,191647.92
data,168889,59,1052308.8,4,130.37,536916.82
data,132685,4,47844.3,2,78.28,30024.6
data,516175,81,1352349.1,3,95.32,639057.73
data,606705,35,416204.3,7,132.06,233591.58
data,6134,1,425.5,4,77.61,323.37
data,846867,22,2319631.5,3,67.87,1624884.81
data,805367,6,358895.5,1,89.06,213770.96
data,57294,36,352825.5,1,82.31,245554.4
data,770559,38,569351.3,1,130.94,332085.48
data,838248,22,265598.0,8,134.08,145974.42
data,241477,28,1121722.2,8,119.76,597691.78
data,992941,5,539225.4,7,114.83,275408.35
data,683136,22,1890155.4,6,108.92,1093774.97
data,566793,35,2157246.9,8,114.78,1340463.36
data,957006,7,644668.0,1,75.46,335574.65
data,546593,70,5403381.3,2,111.69,3260219.01
data,530054,40,619543.8,3,132.61,352235.57
data,394539,16,864553.8,3,85.59,493494.44
data,249104,72,2952053.8,4,107.06,1741992.26
data,582201,73,6973522.1,1,145.63,4877575.08
data,310585,94,1291596.4,5,171.26,716662.02
data,197424,90,187458.7,7,177.81,107598.58
data,344442,77,3861024.9,4,149.8,2541237.19
data,639336,13,157224.9,4,91.19,95442.28
data,321160,54,2823400.2,6,113.01,1341204.59
data,103809,17,251390.4,3,76.94,148886.65
data,423575,19,1467657.4,3,110.06,950593.61
data,731971,100,3074705.6,8,108.62,1982563.69
data,592598,66,7311603.6,8,147.27,4551094.86
data,141446,19,440731.1,4,122.94,245477.28
data,722891,20,1240017.3,2,119.72,1007851.86
data,352208,10,97189.1,6,103.17,50380.23
data,27976,24,63288.7,7,114.3,40478.0
data,613476,42,4811164.0,2,100.76,2884531.74
data,118758,54,754940.0,7,95.11,451143.1
data,776582,74,1253216.1,6,150.14,771975.53
data,1969,44,7716.5,3,77.12,4184.22
data,764097,50,4060241.7,4,118.81,2976618.33
data,519479,79,3821268.4,5,142.71,2108196.58
data,742394,23,1616947.1,7,94.99,1011084.18
data,108883,86,774450.7,7,181.43,379787.16
data,66133,41,287999.7,5,121.29,178351.52
data,871177,96,8560527.1,7,176.95,4106956.44
data,782905,67,1166657.0,7,112.06,759283.48
data,184299,30,1050243.8,8,128.54,591393.84
data,874170,54,5494503.5,4,97.79,3324968.23
data,592413,23,1142628.1,4,99.49,709246.14
data,156772,46,546279.5,5,116.33,298110.22
data,568688,43,330425.0,3,104.62,199299.18
data,114200,14,163336.3,4,81.1,106345.98
data,270564,19,314527.5,1,68.1,234122.1
data,909201,38,1270175.3,7,111.32,780422.49
data,681828,95,2240644.0,6,140.75,1340118.27
data,377985,98,4112200.5,4,159.95,2439003.43
data,327831,82,5373271.3,1,140.33,2822624.93
data,67026,28,330657.4,2,98.81,237698.3
data,987690,85,15243767.0,4,136.63,9438029.54
data,160237,11,283530.6,1,91.23,196201.45
data,450100,68,1363836.3,5,132.21,812263.46
data,985060,79,13440847.9,2,151.58,6595218.51
data,433202,63,4221677.9,6,149.75,2485562.63
data,481661,95,377009.2,2,139.69,192154.84
data,506574,79,1058931.0,6,183.47,605456.68
data,581953,85,2210303.1,1,133.17,1386437.64
data,537746,34,1628360.9,4,126.63,692358.8
data,795794,62,166501.9,8,143.89,108925.66
data,460906,88,4971495.3,1,84.78,3107532.98
data,515863,33,1088985.2,3,119.46,769158.25
data,606982,57,5368244.6,5,116.31,3293010.72
data,750900,56,5857481.1,2,102.38,3657725.25
data,376229,66,106429.5,4,116.8,63066.55
data,887964,68,7487181.5,6,162.85,3784355.61
data,367580,85,6063618.9,3,115.14,3871320.8
data,546055,92,820583.2,1,118.61,431226.02
data,412227,77,6159365.8,7,185.27,3361091.17
data,180082,62,191352.6,2,112.89,118401.31
data,493088,46,817730.2,6,147.17,493224.33
data,949524,46,4802690.4,2,97.06,3355122.18
data,467372,67,2229644.1,7,119.05,1210667.47
data,394252,14,982223.2,7,106.08,549647.39
data,756106,86,7977565.6,1,105.53,4695467.69
data,727393,45,6278290.7,2,119.27,3969819.02
data,282820,5,109683.1,2,80.38,68392.16
data,651937,38,4212913.2,5,89.85,2664847.8
data,408787,32,410654.6,6,130.59,271586.9
data,885068,26,1487004.1,2,133.13,691440.95
data,936024,12,1245191.1,3,85.49,564993.61
data,322028,45,298905.7,2,109.42,145469.56
data,719760,95,12427176.9,2,88.97,6890931.64
data,882006,4,192574.5,2,98.79,117169.41
data,793353,2,313551.1,2,91.8,194668.32
data,326701,18,1101180.2,7,109.89,731493.95
data,246697,59,904799.6,6,148.06,512994.09
data,179154,41,1012837.2,2,97.73,615978.13
data,410714,99,3744059.1,8,133.8,2649247.27
data,828239,21,2468150.4,5,145.02,1566864.66
data,101868,16,303569.2,7,138.04,209955.07
data,829740,51,2894967.9,1,101.46,1596219.29
data,44913,53,346597.3,6,161.08,189012.22
data,524184,61,4105632.3,6,155.17,2447031.3
data,270166,47,959163.8,8,160.28,539798.31
data,797144,60,2829811.7,2,134.28,1522846.94
data,465934,58,384425.8,2,119.51,206535.3
data,394873,62,4200430.8,4,116.45,2868161.14
data,248107,47,1727266.7,3,118.19,1042454.86
data,858604,50,44512.2,2,127.31,31566.53
data,717113,21,2174890.8,7,101.11,1254666.83
data,921287,59,3072180.4,8,125.92,1627039.51
data,867274,41,2549402.9,1,78.86,1462904.31
data,190932,29,542672.9,7,127.28,318186.21
data,473324,91,7211490.0,8,151.21,3992074.04
data,932580,88,15925628.1,5,150.43,9437375.7
data,993071,15,1130976.8,8,110.41,687021.14
data,610644,85,4729641.6,4,132.04,3382436.96
data,30504,21,26563.2,7,126.63,13854.24
data,625505,43,1544521.5,1,112.71,813170.43
data,447741,54,2666734.7,4,115.86,1448434.52
data,984457,88,10686445.1,5,152.24,6765208.9
data,114377,50,866152.7,6,133.06,649284.45
data,716795,7,420038.3,3,81.54,225302.49
data,904058,34,5070937.5,3,121.67,3205636.65
data,793180,98,13408878.6,5,146.88,8826948.18
data,266992,11,3307.0,3,87.31,2096.99
data,775006,31,3478982.6,1,118.48,1883293.36
data,966203,62,9112977.1,7,161.08,6660449.11
data,565226,70,7138855.7,1,115.52,4349891.53
data,270557,30,730273.2,6,123.62,522801.29
data,356067,98,3896435.0,6,165.92,2358780.68
data,354208,27,455887.3,8,133.46,286751.3
data,256508,65,2773900.6,3,106.35,1730371.26
data,137517,70,1711677.8,3,113.31,968636.64
data,618147,52,2020854.7,8,134.41,1412451.37
data,307384,27,230365.4,2,112.63,135133.44
data,372045,43,1746412.8,7,173.17,1075387.51
data,242046,34,482826.1,5,128.5,207892.72
data,943985,22,1986249.1,6,120.06,1169622.21
data,4573,48,16545.1,5,125.75,11916.29
data,414973,96,6955208.4,6,126.19,4625723.39
data,350127,28,1691201.2,7,143.68,887117.54
data,227181,3,73947.8,3,90.48,42675.96
data,226741,45,1489008.1,5,89.09,1001962.02
data,930829,54,2579276.3,6,164.88,1483073.06
data,209081,23,206637.6,8,106.31,125470.48
data,820348,15,1471943.3,2,92.59,867728.69
data,54469,72,328463.2,5,147.34,170916.46
data,886258,76,3122288.9,8,166.06,2063960.76
data,322125,42,1753610.7,3,101.28,1187985.58
data,800379,66,1342895.4,2,126.35,829449.57
data,487005,33,2027223.3,8,150.22,937648.22
data,104096,21,74175.8,5,138.6,39292.13
data,495868,39,152990.4,5,141.83,84620.72
data,756136,9,1302268.9,1,74.54,877531.46
data,929761,53,959545.6,7,137.1,668378.56
data,837479,71,9498075.4,1,146.78,5070095.82
data,420860,16,95146.6,6,115.95,56269.21
data,730989,54,6793012.7,1,132.86,4286867.17
data,138097,22,499012.4,5,80.68,278088.5
data,501650,83,5650308.9,3,114.33,2834265.54
data,226629,66,1617726.7,4,127.05,985790.8
data,357447,74,2311310.3,8,112.15,1242676.44
data,453825,62,261682.9,5,107.11,172387.55
data,917674,19,145784.8,6,113.18,73704.3
data,148883,66,1756615.4,2,91.35,1062284.71
data,292336,23,827594.5,7,116.6,412065.45
data,655094,95,3009535.1,7,178.95,1691066.4
data,735201,84,10519019.1,4,169.13,5816239.57
data,794131,60,1921824.5,2,100.05,1118239.62
data,460839,81,632944.8,4,161.38,493545.06
data,171124,57,758010.4,2,115.51,428153.29
data,38162,25,122602.2,8,130.55,62410.17
data,756886,59,3414063.1,1,85.15,1855174.98
data,563795,76,5033317.2,8,173.26,3520653.76
data,514895,82,5416131.0,5,161.1,3350699.26
data,316588,48,1749530.1,3,127.53,839890.41
data,497857,49,217629.5,8,166.29,137883.23
data,432870,3,157009.5,1,78.99,91160.17
data,693838,58,939968.6,8,133.63,636507.19
data,796617,30,2924413.5,8,101.03,2042113.02
data,411197,58,359594.9,1,87.88,220119.2
data,556667,53,1821324.6,3,107.18,1133174.4
data,251066,100,2120220.5,6,165.1,1091232.66
data,200078,90,2424107.2,6,157.79,1668364.15
data,986235,87,4606470.8,7,165.35,3039576.42
data,424778,40,1672320.1,5,83.35,735386.08
data,801570,48,6638557.7,1,129.9,4716661.91
data,408806,17,1236032.4,3,111.96,751052.93
data,105850,85,1030200.8,6,118.03,677071.67
data,757510,70,7862728.8,2,131.8,4916873.16
data,795610,92,5867889.2,5,151.51,3503896.17
data,273215,22,502194.2,1,83.75,267845.33
data,368477,22,688825.6,5,92.94,404567.63
data,694550,65,8264624.6,8,159.84,4283800.66
data,639472,16,393278.2,6,88.25,254179.93
data,79092,44,321422.9,6,144.69,177131.75
data,301757,1,48631.1,2,92.16,24691.61
data,90773,29,296980.0,7,110.78,148827.34
data,430197,24,910815.0,4,105.72,494842.9
data,567816,24,1706293.5,1,127.08,847891.97
data,182767,75,1260618.8,5,143.99,836015.11
data,292622,72,1321086.6,4,147.05,927768.65
data,257063,35,475690.9,3,125.04,281551.66
data,100842,23,457743.6,6,89.39,285891.74
data,996023,68,10613703.1,7,124.16,5171356.04
data,885831,19,2074540.9,2,89.7,1035169.81
data,697341,81,9966140.6,3,124.37,5620625.31
data,461977,54,4520672.6,6,106.95,2478203.6
data,909502,78,12840607.5,1,121.65,7233758.97
data,465316,56,1385005.7,3,111.27,734361.26
data,284751,64,3260519.2,3,83.18,2723426.19
data,796555,53,7935922.9,3,142.26,4465671.12
data,435650,47,2682200.9,5,107.7,1976049.66
data,565497,21,1630129.6,2,78.69,865631.14
data,693681,69,8132088.7,2,150.33,5108284.94
data,658877,99,2647391.2,8,218.95,1790348.41
data,558105,43,881124.9,7,153.11,454352.85
data,582908,77,5909282.8,8,132.09,4105177.78
data,512149,75,1700064.9,7,157.23,1027362.61
data,555049,42,961424.1,2,120.14,493722.68
data,593820,7,307319.4,5,127.15,183005.27
data,871615,60,5378108.6,7,164.68,3343095.08
data,587900,95,3946200.7,7,97.76,2410070.14
data,80239,46,393179.8,7,139.48,212544.77
data,285735,95,4657316.0,7,155.57,2507830.18
data,824111,85,1446477.2,1,116.26,947122.08
data,938838,90,13383591.4,6,146.34,7392071.56
data,929852,93,12776307.9,6,140.34,7468450.71
data,931609,61,6480585.1,6,155.13,4118491.3
data,628694,48,3733616.9,5,150.91,2212451.65
data,197680,2,36730.7,8,112.48,19984.19
data,123694,24,399630.1,7,110.72,259943.46
data,120233,55,1292851.1,5,157.89,914978.89
data,633090,55,3280755.4,1,112.74,2295192.91
data,650631,72,3675519.8,8,162.19,2365399.32
data,682831,25,84767.7,8,140.19,50177.3
data,388330,81,5562003.0,1,129.57,4154461.55
data,750907,12,1790465.7,4,91.86,1142783.57
data,262498,24,693161.0,7,112.67,529923.37
data,498879,6,22390.7,6,104.85,11831.69
data,436370,29,192068.8,5,118.6,134284.66
data,255001,36,1125826.6,7,136.34,667470.46
data,14183,54,132293.5,2,89.55,96168.18
data,267030,19,296261.7,7,127.54,170366.58
data,219542,48,1555259.7,5,151.85,1033882.31
data,607218,77,7389215.3,6,129.94,4648162.26
data,51314,66,335662.4,2,79.97,217250.99
data,297519,3,20517.1,1,89.93,12493.42
data,42909,5,12806.4,1,67.58,7865.39
data,282123,35,173398.3,2,93.2,114609.11
data,291388,4,49775.5,2,76.57,34681.61
data,98796,56,14833.6,8,150.99,11129.5
data,498366,68,4553502.5,4,143.32,3156627.48
data,104893,21,22133.8,2,82.56,11277.05
data,175040,49,1131748.9,8,138.74,606870.63
data,197386,56,446488.6,5,148.41,215750.31
data,14610,15,14209.2,5,94.05,8558.87
data,435852,77,4356082.7,5,164.74,2698900.29
data,940877,21,825230.6,5,114.09,477143.08
data,330585,29,837340.8,1,103.97,421963.01
data,52673,32,284529.8,5,88.62,178730.46
data,931382,75,5759108.2,1,96.0,3178068.06
data,140427,77,1141843.7,6,82.32,620324.45
data,197645,1,25262.8,8,100.12,11806.09
data,39209,68,16301.3,5,158.73,11215.64
data,258372,61,47755.9,5,128.11,26439.05
data,918687,34,2873060.9,7,132.65,1358487.27
data,973403,59,6185043.2,4,156.68,3169859.95
data,496020,76,4364127.1,5,132.05,2438755.06
data,574619,76,864080.5,6,196.72,541552.34
data,980839,13,2463203.0,7,85.65,1580725.2
data,922971,34,2974768.1,3,81.93,1763710.48
data,983352,91,15573107.3,7,183.39,12147099.78
data,697198,52,6494155.9,8,129.87,3180477.1
data,746394,64,1917192.2,8,133.44,1206583.21
data,680642,87,2342354.5,4,97.35,1330240.86
data,313798,99,4163317.7,1,109.88,2441875.59
data,268868,98,782209.5,7,194.35,496610.21
data,374372,13,307149.4,8,104.42,220806.8
data,89507,7,10552.6,1,73.11,5491.26
data,957686,94,13001326.9,1,167.21,6392850.44
data,952450,67,1696962.4,6,146.3,800753.44
data,364184,95,4342713.8,4,124.74,2458252.52
data,898890,17,48089.6,5,107.74,30100.77
data,563213,57,1632212.7,8,160.51,873020.32
data,594453,94,2210282.9,8,162.43,1238546.71
data,152212,45,695885.9,8,139.44,440034.54
data,974573,12,680628.3,1,101.18,314479.97
data,532343,2,66208.6,2,102.68,37077.93
data,916755,5,56786.7,8,116.42,27513.64
data,544488,73,241674.7,7,112.23,144520.13
data,858164,89,7954001.5,2,119.82,4415023.46
data,95158,26,105196.2,5,93.73,66744.57
data,978139,39,2590802.0,6,134.97,1812927.17
data,653936,42,4410135.5,5,120.77,2863929.53
data,978824,37,5399370.5,7,158.15,3481916.74
data,560702,89,4020787.5,3,139.46,2348696.84
data,825742,11,457279.2,4,97.8,276489.65
data,837846,100,16352997.9,8,194.17,11458529.26
data,143916,55,674889.8,4,124.66,428347.96
data,118394,68,211866.6,8,156.22,141109.47
data,770889,1,100510.6,1,90.29,57899.51
data,655480,43,3459071.9,7,143.67,1950994.32
data,790400,31,3116640.2,3,101.91,1695976.5
data,489420,83,7803978.8,4,134.6,4918333.75
data,163613,12,229331.2,1,95.55,131541.6
data,14490,64,176963.7,7,137.14,95168.58
data,271757,50,1481446.1,3,99.12,919584.31
data,179941,10,169088.9,5,92.69,103776.3
data,97621,97,320148.6,7,118.44,194937.21
data,982349,63,436716.9,6,145.66,306514.54
data,160817,89,1998196.2,4,108.92,1349848.69
data,898863,41,3618120.6,4,105.26,1730460.84
data,745320,17,1862351.3,8,151.01,885758.56
data,894890,9,412377.5,3,112.79,249582.21
data,777583,64,793721.7,1,97.15,432896.6
data,401527,89,5423447.4,8,121.71,3874222.88
data,802804,99,8138736.9,3,132.87,5229279.03
data,29414,95,530846.1,4,102.51,349218.55
data,532919,26,712905.0,7,129.66,288500.09
data,966496,19,1311084.4,3,106.86,618995.27
data,964362,49,763842.1,2,118.76,510322.41
data,831723,93,8476326.4,7,161.31,4483188.8
data,973141,17,2693277.9,6,134.16,1488723.81
data,996196,24,4714620.2,7,146.01,3114000.33
data,807673,8,1127056.3,7,121.31,544438.42
data,925645,63,10897460.4,3,117.8,6765066.69
data,47769,31,252206.9,2,80.73,127731.21
data,796777,26,2976463.4,2,127.51,1614320.9
data,559086,22,2454897.2,7,103.05,1522981.37
data,406723,25,59600.3,4,111.75,32183.18
data,332352,7,204910.5,2,87.63,127998.29
data,784531,8,1045941.2,8,146.64,645757.25
data,463602,16,295241.5,2,115.19,175014.24
data,90588,61,59260.3,5,122.05,40911.96
data,797966,40,4514707.2,8,155.71,2730874.11
data,31595,91,183671.7,7,153.45,114218.17
data,389070,81,307708.4,7,135.64,221181.24
data,552098,37,3890937.7,3,108.22,2189573.1
data,391634,40,110660.6,1,97.88,62281.32
data,88722,55,913969.9,6,144.67,602376.16
data,48943,90,750543.1,8,106.29,472295.86
data,51461,73,136685.2,6,115.83,69730.61
data,668326,74,1499962.1,2,122.92,859292.17
data,193817,85,3218861.4,4,131.16,2120128.82
data,180799,88,725815.2,5,162.41,352704.36
data,216209,19,614974.3,1,78.42,366361.72
data,404749,65,1135295.6,3,124.44,684619.7
data,806213,49,4547405.1,6,137.27,3166536.67
data,731127,79,9500021.8,2,104.37,5698241.7
data,259826,74,3200550.2,6,109.29,1532367.1
data,666559,100,12844903.7,7,155.64,6893130.14
data,76927,76,818191.5,8,142.65,474504.76
data,685963,80,6927179.4,5,156.89,4457211.38
data,487369,57,4789511.0,8,145.28,2884153.53
data,563267,67,370526.5,3,145.76,155738.75
data,13493,28,16114.9,1,84.67,12216.54
data,209572,37,1468958.2,5,119.8,877865.57
data,822363,67,3439313.6,8,165.23,1889579.67
data,828188,87,2636431.3,2,151.26,1474423.14
data,717435,100,6093175.9,1,92.96,3460481.53
data,494170,21,487882.9,4,108.7,282375.58
data,482307,41,1168574.0,3,105.84,627054.69
data,407283,60,582355.3,2,95.96,382457.9
data,816747,98,10257874.4,1,142.82,5680373.07
data,602996,42,1129629.7,4,125.74,737029.32
data,716423,60,6152774.6,6,143.99,4208816.5
data,501037,50,1586663.2,4,107.68,805013.79
data,221136,99,3978443.9,4,118.69,2478124.65
data,377230,42,2207525.1,6,115.75,1446858.05
data,215927,31,270251.8,7,126.05,140924.49
data,953658,19,754301.3,7,104.45,560277.57
data,165128,52,237993.1,6,145.51,148459.33
data,628559,75,9229926.5,8,150.02,4645801.55
data,264683,40,738193.1,5,117.72,489507.29
data,466383,7,440494.8,5,117.93,283384.02
data,373376,88,3262845.8,1,115.8,1944392.35
data,786882,28,320424.6,7,126.26,199505.99
data,270842,96,2487801.8,4,142.34,1286299.94
data,378231,76,5404823.6,1,131.27,3378984.27
data,741086,88,9633191.1,2,126.54,5167477.45
data,862627,11,722233.3,3,120.35,430668.12
data,272833,19,267455.2,3,90.88,139198.34
data,787848,75,10678104.4,6,156.05,7159524.94
data,690387,36,2918370.0,7,111.25,1894721.28
data,899952,27,2200577.6,7,124.49,1574198.17
data,414048,74,262374.3,8,107.25,157362.46
data,432479,3,115537.8,8,121.75,69688.62
data,466826,19,826108.0,1,98.8,487496.44
data,138985,19,399742.9,1,76.46,213962.2
data,172471,21,694684.9,1,91.38,351153.78
data,927239,62,8126266.6,2,113.78,5086825.45
data,431311,43,2435693.5,1,108.74,1661649.13
data,348431,7,218029.4,7,112.8,126993.62
data,683,29,996.4,4,52.32,672.35
data,994064,68,11457161.4,5,110.1,7641046.08
data,261678,44,571175.5,3,116.4,297085.45
data,958435,57,7861984.9,2,110.38,4906907.46
data,603917,93,5626526.0,5,127.02,3504185.39
data,965839,5,688976.7,7,113.94,422315.62
data,51931,84,501573.5,1,90.19,284277.22
data,6478,97,82766.9,6,138.36,50787.72
data,727948,39,2866587.1,8,161.05,1841348.13
data,865377,33,1715181.5,1,97.97,1073150.92
data,364032,1,58710.3,8,73.9,35076.43
data,743413,47,5295160.1,7,153.8,3159600.06
data,293264,5,186989.8,4,106.16,107885.44
data,863127,58,3167225.9,8,160.41,1880562.81
data,98069,77,1093527.3,7,110.17,517873.31
data,24394,4,5247.6,2,65.14,3481.51
data,505027,26,1864279.8,2,112.62,1332212.22
data,927406,100,5431166.7,2,125.38,3169990.18
data,969527,88,10337813.5,4,152.44,6121218.59
data,316938,25,474658.1,7,128.97,234598.91
data,377909,45,430071.1,5,136.35,251893.8
data,596213,49,5019348.9,3,112.49,3469394.0
data,879988,21,1307016.5,8,121.96,842011.94
data,996239,82,10254848.4,3,151.15,6215281.36
data,577897,71,7107522.3,4,123.98,3689381.27
data,275576,44,294839.7,8,150.77,197597.86
data,252360,1,39961.8,5,96.13,22331.59
data,645849,91,9115548.4,7,191.72,5825779.02
data,30655,47,49062.0,4,124.19,24480.48
data,480843,20,1282032.5,5,112.15,650877.31
data,187179,48,51439.4,5,99.25,31492.13
data,140603,52,1244710.2,2,125.65,842194.68
data,480880,29,2715636.8,2,104.07,1640104.04
data,207171,31,270945.5,6,84.85,170463.47
data,433676,64,2568532.2,1,88.98,1384595.47
data,214173,92,469749.2,1,139.36,297116.17
data,967646,31,5787661.1,8,137.73,3621713.82
data,131908,66,1543928.5,7,127.04,986842.02
data,442016,96,44370.6,8,186.93,22608.95
data,967175,73,4829780.9,8,152.73,2856029.73
data,288334,55,238341.0,1,110.33,125867.61
data,523246,61,3685614.2,5,123.77,2277641.89
data,296999,67,3903017.8,2,117.16,2672931.07
data,346110,48,173691.2,7,171.46,96851.97
data,146185,23,296539.3,7,114.54,185343.19
data,273689,54,2498541.4,5,144.85,1660496.99
data,791296,41,3618993.6,1,124.97,2675611.81
data,772308,12,934786.9,4,112.05,594507.75
data,941334,38,4755088.8,5,99.01,2579071.64
data,828187,96,8532270.8,8,201.18,4286350.48
data,332585,31,450004.2,6,118.41,275071.39
data,775333,19,36624.0,8,160.78,21946.49
data,612548,35,3958185.3,4,137.79,2677856.5
data,887819,66,9538552.2,1,137.43,5482620.95
data,889124,76,10182966.7,5,147.58,5238116.72
data,728811,77,1530933.0,6,151.73,955545.67
data,226561,99,1015197.9,3,127.26,485308.79
data,167492,30,228529.0,1,123.96,154773.7
data,9390,24,27987.2,8,120.52,14382.26
data,78476,7,20612.2,8,129.86,14185.55
data,433701,43,597706.6,5,146.06,347417.27
data,942713,35,4275198.7,5,97.29,2535763.78
data,155996,52,423701.8,4,110.64,229133.39
data,767729,27,3889960.3,1,87.14,2962437.71
data,60095,90,255332.9,6,132.56,151498.97
data,196046,42,791769.2,2,119.86,461195.6
data,406460,62,2057229.5,2,128.38,1189090.59
data,942775,99,5765340.0,6,195.17,3463546.3
data,417701,98,577897.7,4,196.92,319546.52
data,919825,17,282846.0,3,102.93,196411.38
data,292350,49,686935.2,5,126.06,416239.91
data,258126,12,531882.5,4,86.42,269625.21
data,720073,8,140982.5,5,121.61,82832.12
data,459289,83,7067160.1,5,145.16,5023917.91
data,236840,83,2417505.0,4,146.55,1612658.7
data,921858,35,4991571.6,4,84.5,3340836.67
data,450073,75,4007142.4,5,93.2,1778106.69
data,154375,74,1754489.6,1,121.3,927797.17
data,802937,43,2465593.8,1,90.64,1725306.73
data,429689,89,5001177.0,6,99.3,2414435.77
data,214782,94,1842957.0,2,108.53,1126184.19
data,178944,51,13997.5,5,96.96,8477.55
data,261947,100,4992598.8,1,145.6,2857061.05
data,563312,67,1862904.1,7,130.54,1101646.64
data,703575,10,457097.5,1,92.93,323928.34
data,18219,64,191430.4,5,110.05,105459.95
data,863488,22,649834.7,4,107.41,426360.73
data,622532,69,7816751.5,3,156.43,4212122.02
data,815844,4,315756.8,8,124.64,237594.36
data,134174,92,1498396.1,2,106.73,971999.1
data,225270,76,619453.4,2,150.29,316955.08
data,673452,72,4992042.6,1,77.68,2914643.96
data,376814,77,1710422.8,8,184.09,965464.24
data,93870,99,471398.6,2,93.85,283780.36
data,739514,1,129345.0,3,104.96,87556.03
data,532986,59,133421.2,8,164.35,81666.33
data,423767,43,826448.7,1,112.63,401326.13
data,834379,74,5873304.5,3,83.06,3517567.49
data,661648,35,317590.8,1,67.03,182942.85
data,901120,75,2233915.8,3,154.42,1345983.62
data,612004,88,5056983.6,1,130.38,3002634.37
data,540726,87,2114275.5,5,193.65,1145563.28
data,939671,76,4877178.1,2,99.94,2530495.1
data,465850,62,3955604.3,1,144.16,1872409.78
data,734212,6,157832.1,6,111.19,89335.52
data,652026,69,6476934.2,4,170.67,3862282.4
data,281668,100,2338061.1,8,125.84,1467052.88
data,860011,33,2342083.6,4,120.92,1559105.88
data,322558,65,4134583.2,5,89.47,2170242.34
data,76801,2,27258.2,8,128.7,14039.12
data,654114,47,1203395.6,5,115.89,796740.8
data,155167,68,1338328.1,5,124.39,986669.8
data,140701,69,400522.0,4,126.98,226549.57
data,842126,62,2501984.9,8,153.15,1645023.84
data,732965,18,1214909.1,3,108.72,901418.81
data,626481,20,1937829.0,6,101.64,1142243.0
data,871919,95,5852232.3,4,188.63,3720743.7
data,180632,51,180102.1,1,66.1,111512.23
data,848768,98,2286600.9,3,163.12,1492122.25
data,242217,59,1153728.6,7,153.16,622953.36
data,676859,61,2947087.9,5,100.22,1965927.82
data,386722,91,5366065.3,2,140.27,3021533.73
data,662864,33,1389438.1,6,113.07,730490.7
data,829508,92,3733246.5,7,176.17,2080332.36
data,597086,20,1497708.5,1,103.68,990022.26
data,828147,27,2989477.5,8,139.78,1685173.14
data,376658,85,3416614.6,2,151.18,2369462.41
data,872614,72,2847011.7,2,109.52,1656875.74
data,658036,33,3579629.6,4,119.4,2168954.36
data,533139,7,461500.6,1,90.8,306318.63
data,395974,84,2008729.1,4,125.21,1320236.91
data,14817,77,218177.6,3,132.31,139056.47
data,906374,49,8174891.6,8,159.61,4889460.5
data,434493,65,1476541.5,6,154.39,935805.07
data,889024,72,7954105.0,8,170.17,5177596.73
data,794526,90,10912104.0,8,167.31,7396657.86
data,670021,76,981340.3,6,92.85,636770.06
data,26273,51,247028.7,1,95.38,143297.65
data,102198,32,78396.8,7,104.66,46706.79
data,433688,95,6554839.5,6,169.48,3846761.79
data,63017,89,895986.0,6,141.76,603314.54
data,147816,5,128828.3,5,71.82,82269.04
data,590126,50,5084218.3,4,143.11,3226569.01
data,399425,35,2520301.3,6,135.72,1424661.62
data,923960,46,8385190.6,5,129.66,4329536.71
data,465011,71,2866422.5,2,125.15,1778909.65
data,945424,12,1379049.6,4,96.56,736905.3
data,539134,80,2445021.3,8,186.6,1488928.34
data,614391,1,87521.1,7,121.62,53951.78
data,497821,54,1257920.5,6,167.95,620152.44
data,455341,70,1461287.3,7,146.98,1000189.57
data,250447,16,330381.7,2,80.8,198106.39
data,924169,13,1274042.4,7,99.26,824005.97
data,168561,25,260971.4,7,142.71,101043.02
data,515413,42,458991.0,5,114.64,293597.87
data,662458,67,4255457.8,2,112.62,2567935.57
data,664610,96,2879480.1,1,139.69,1966735.67
data,825602,22,3238950.9,7,106.44,1480301.83
data,988712,66,4519501.7,2,96.8,2332197.77
data,204892,35,373711.4,8,139.25,212005.94
data,528448,71,6846001.6,1,108.68,4273266.46
data,875058,87,3542735.7,3,118.28,1955107.71
data,917034,25,3107218.4,5,112.46,1801938.34
data,123660,31,590478.8,6,141.17,371467.85
data,708043,79,3447990.1,5,194.5,2016522.19
data,967856,50,5616390.1,7,107.79,3256985.3
data,112099,44,162294.7,4,87.51,107836.73
data,535506,43,1610226.9,2,96.84,939023.11
data,717259,98,4247309.4,7,138.45,2717290.81
data,411448,7,420705.0,1,80.29,225684.21
data,187060,72,364655.3,2,103.32,197507.77
data,638214,21,1055945.5,8,86.53,562659.22
data,24057,9,27179.7,3,86.05,15177.67
data,713332,36,4388848.5,3,124.26,3315999.35
data,790591,66,3813897.0,3,126.79,2000742.07
data,594827,80,6954246.2,6,136.22,4927079.8
data,117768,65,903748.2,5,131.73,618936.11
data,243028,52,1799077.4,3,114.39,1088749.52
data,722573,34,4577080.1,5,111.04,2350863.32
data,740944,59,7992719.3,4,150.05,4194884.69
data,952606,58,4245635.1,1,103.57,2187132.78
data,941642,38,3664562.0,6,141.7,1711984.04
data,623362,87,7449598.0,3,146.09,3917431.75
data,475567,53,4653458.2,8,118.17,2725600.61
data,319231,20,142982.0,4,93.9,74875.56
data,809867,24,586927.2,1,78.12,370940.49
data,928120,17,2402332.0,4,114.22,1497923.79
data,349268,60,2593433.3,3,108.19,1378738.62
data,490567,93,8704687.4,8,195.11,6648985.2
data,496680,93,4130694.8,1,146.25,2517130.11
data,36541,34,56340.2,5,124.44,31418.33
data,732906,49,5650187.1,3,116.91,2258836.48
data,222930,40,1416219.3,4,122.99,824583.3
data,653159,91,6224834.1,6,121.62,3590532.21
data,721948,76,4876572.8,6,151.27,2641109.73
data,711678,51,6675840.0,8,184.8,3952247.69
data,626494,76,9331631.0,4,105.66,6367937.81
data,857455,15,1825072.7,6,134.33,967695.89
data,472274,21,264423.7,3,104.88,141601.6
data,272758,71,777613.9,5,137.88,442651.12
data,114843,16,319275.5,4,93.99,168538.13
data,777916,13,1762867.2,5,83.92,995212.03
data,818735,68,2847508.2,4,134.93,2201575.35
data,219881,35,988453.2,5,149.89,597492.19
data,372796,83,6072953.8,3,147.26,4010790.83
data,508556,77,381054.0,5,160.79,258829.55
data,974764,4,241070.9,6,123.87,134443.93
data,647036,41,2620002.0,5,163.68,1443789.98
data,574166,3,263285.1,1,80.85,133103.21
data,634896,90,9411098.8,6,146.12,5661176.69
data,552189,50,1740022.9,7,126.23,954210.44
data,738903,22,1059703.8,4,115.0,613335.83
data,475714,34,2009672.6,3,100.52,1221453.71
data,25240,20,23922.6,4,78.53,13799.73
data,238103,24,884514.5,6,122.46,540718.09
data,943655,30,3688132.1,2,85.74,2303354.13
data,136869,100,807545.1,6,146.63,413529.27
data,463584,73,2413586.4,1,120.45,1607950.24
data,916102,97,8789150.5,7,190.77,6153541.92
data,678047,67,3541848.9,3,140.91,2059344.99
data,184377,34,86017.7,7,116.44,52585.45
data,247133,81,1452103.1,2,135.34,674163.74
data,555624,17,1146177.4,2,95.42,493552.73
data,479817,31,571782.0,6,117.18,371012.48
data,534480,37,1996179.7,4,107.24,1373718.77
data,99142,42,121297.6,5,106.68,63326.64
data,484353,11,395998.2,1,89.83,225754.83
data,63398,39,242829.5,2,83.62,123235.08
data,97962,21,185200.1,1,73.48,117442.24
data,89295,1,3987.4,5,114.9,2839.82
data,345890,15,661251.0,1,119.79,335508.67
data,813105,16,1964923.2,4,104.69,1241109.94
data,29338,21,88330.9,2,62.66,52832.6
data,30447,99,85044.3,1,118.28,47219.36
data,327867,28,1190764.8,1,106.56,652066.27
data,657963,7,55080.8,1,96.63,32519.41
data,737860,3,398478.4,1,89.2,232200.74
data,352199,80,2237065.2,8,161.34,1260719.1
data,983796,7,217790.7,2,109.69,129363.82
data,20598,55,216654.0,5,115.36,120331.32
data,93197,50,788991.0,1,91.93,437813.2
data,701426,70,2480806.4,5,104.07,1823559.31
data,437092,79,3924431.3,2,105.81,2418601.76
data,849528,54,7429853.4,1,137.2,3907059.27
data,593745,22,797472.0,4,108.53,503711.94
data,787736,47,6314553.0,6,174.0,3565740.74
data,769488,40,4306987.2,1,115.8,3075194.18
data,56330,52,179260.8,1,94.01,113067.19
data,615242,6,224679.1,5,104.88,154418.25
data,528440,18,497285.6,1,82.66,320746.97
data,831333,55,5283820.6,2,92.96,3634218.75
data,932121,64,2966415.3,5,156.22,1885163.51
data,436111,15,1231719.6,4,105.46,812025.37
data,250703,33,214395.9,2,96.98,126657.71
data,710724,86,11209674.0,8,156.4,7698349.87
data,259966,5,63304.0,2,80.92,35668.17
data,176555,95,2483937.7,4,128.11,1609136.46
data,767979,69,3266611.1,5,168.55,2286525.82
data,434499,25,185738.9,5,122.66,93671.02
data,931009,19,1060858.0,7,107.04,664813.65
data,863987,38,6050345.1,5,130.58,3714475.41
data,561327,94,7024999.1,7,171.52,3923257.37
data,362679,66,3868683.4,8,124.12,1966863.75
data,452632,69,3280896.3,1,123.08,1904281.37
data,450228,77,220445.1,3,135.0,148744.42
data,858846,1,135467.7,6,108.83,68672.9
data,85189,31,21051.4,4,107.42,11046.4
data,746203,80,10135627.3,2,140.71,6136644.0
data,245012,9,341653.0,6,132.56,198494.9
data,72955,92,1166207.9,2,88.49,695907.86
data,384828,93,6673065.1,1,133.69,4248293.4
data,309335,43,1780965.2,7,167.55,1027315.19
data,708766,75,2032571.0,6,141.32,1247416.3
data,372101,99,1751686.1,7,108.3,896660.54
data,4451,86,16212.1,7,133.15,9086.2
data,51340,7,11989.6,4,68.85,7927.33
data,697000,91,6925208.6,7,163.54,3991169.66
data,581518,67,5666266.3,5,135.42,3144446.97
data,708861,46,1868706.7,3,127.63,1094083.97
data,925795,46,1124720.5,3,92.81,719382.21
data,221729,16,185506.1,3,99.19,106588.44
data,720242,37,3453928.4,1,130.96,2579258.62
data,678690,45,5717196.9,8,119.33,3890410.8
data,161701,28,874725.9,8,101.02,404417.94
data,689186,71,8052503.4,7,158.15,4324883.59
data,56191,43,155937.9,6,120.26,95211.19
data,388740,86,3690438.2,5,116.42,1948076.16
data,562395,44,278454.1,5,99.37,187700.24
data,481568,75,4962525.9,1,131.76,3401828.77
data,240013,83,696310.6,8,127.31,409739.06
data,900887,16,1260039.2,1,95.86,757058.38
data,256363,89,462416.0,1,134.85,238717.3
data,530835,61,6159031.3,4,144.75,3639628.76
data,513849,38,1658235.2,6,99.18,1034613.84
data,947188,99,2476618.7,8,200.45,1464354.25
data,313513,86,4290458.9,6,124.4,3050047.11
data,301505,13,357801.4,5,108.63,229444.68
data,53267,79,92977.2,8,146.37,56124.87
data,586829,19,927889.7,6,73.62,543074.56
data,160343,6,170579.3,5,64.77,102898.7
data,269870,32,1559671.6,3,95.92,1110837.93
data,693934,90,4348527.5,7,135.31,2387984.44
data,386976,25,642245.4,2,104.16,407649.75
data,172209,38,1046884.5,3,134.59,711270.64
data,805701,81,3144038.9,1,154.92,1600992.42
data,558443,98,8975723.1,2,149.91,6516980.53
data,250630,8,51009.3,6,159.99,35436.71
data,74815,16,127371.5,2,62.6,79157.62
data,7512,42,53626.2,3,97.88,30773.66
data,325483,64,3828056.6,4,142.87,2055870.41
data,688677,15,1571689.5,1,92.87,1013104.54
data,9253,42,75354.9,4,70.1,58188.76
data,716479,99,9178532.7,5,191.04,5511456.93
data,993770,31,2207473.9,7,109.89,1096787.38
data,246542,91,2038264.0,6,162.12,1342518.52
data,678044,34,3133769.9,2,125.57,1445838.36
data,194427,28,89358.7,3,128.19,56917.21
data,845093,29,1858558.7,5,125.93,1160254.82
data,172021,67,1380643.6,5,138.72,908349.46
data,588303,83,589172.3,6,125.7,275411.37
data,836457,7,58374.8,2,90.67,36969.3
data,425235,39,2284569.0,8,168.12,1329721.36
data,5566,83,68036.3,3,104.34,35763.2
data,662556,88,7641880.1,8,202.06,4001157.02
data,274639,75,2885383.8,6,133.05,1794002.3
data,771707,88,7082538.6,5,156.48,4950206.32
data,903164,29,2590409.3,6,125.34,1500711.61
data,61747,72,6515.8,1,88.94,4102.76
data,163498,78,1970645.5,6,150.98,1359725.53
data,144542,44,969690.9,6,147.84,662558.58
data,234618,66,1582450.4,6,124.81,927297.57
data,961012,44,2789125.6,8,164.15,1985645.71
data,447715,34,1755454.6,4,111.51,1004532.53
data,333638,5,184742.6,7,106.59,95049.22
data,445413,4,341674.9,8,103.65,273838.52
data,387003,59,605493.8,8,135.21,396205.77
data,117037,49,499884.4,8,140.17,317715.22
data,526537,48,3872115.3,8,139.62,1971200.09
data,951278,95,8315094.2,8,129.63,5299772.51
data,853425,36,228092.4,4,94.97,117622.58
data,609175,71,3522410.0,5,124.62,2060199.91
data,745167,73,3066590.1,4,113.93,2115268.48
data,85647,38,244347.3,2,68.13,130352.72
data,877320,19,3271083.6,4,87.23,2253717.97
data,672399,9,718889.3,8,121.55,497181.43
data,227213,94,3144553.6,6,159.14,2243661.5
data,49438,57,489090.1,5,92.66,233883.11
data,556816,88,9151169.4,6,162.62,4840932.92
data,434091,72,440847.6,3,109.6,274466.82
data,505107,10,471155.8,7,117.84,279290.73
data,39699,53,196738.0,4,128.57,132380.06
data,251976,40,472843.1,7,142.9,314601.14
data,703885,16,757015.8,1,98.38,399464.13
data,99554,37,711013.1,4,108.28,306401.98
data,344811,78,698962.2,2,133.95,480407.61
data,700211,72,167637.2,2,101.5,98295.69
data,15206,60,8218.4,4,101.97,4769.95
data,781800,8,844050.9,5,116.75,522284.32
data,766522,42,4851102.5,6,123.82,2926327.58
data,692714,36,659642.1,1,122.39,413162.84
data,221008,38,616245.4,3,98.46,362046.1
data,791775,99,2478119.1,1,136.42,1769553.38
data,893056,83,13181242.3,5,123.22,7318917.45
data,503576,98,2742433.4,6,107.32,1551720.37
data,885545,39,1975692.8,4,101.29,1165762.49
data,674986,63,1755065.8,7,151.48,1067780.31
data,403261,67,1674690.0,3,136.14,927088.23
data,459469,19,15715.9,2,88.92,10246.6
data,791542,91,9559672.2,1,135.71,5470052.48
data,852832,3,373650.6,7,106.64,266414.19
data,649897,75,8658580.8,6,152.39,6002758.9
data,965773,90,7792502.2,2,144.26,3948534.62
data,159947,6,2092.3,3,82.47,1261.18
data,598179,93,10043016.5,7,170.5,6253017.48
data,106047,52,197848.0,2,92.41,102681.68
data,685951,94,6111422.9,7,163.87,3790992.44
data,537153,84,2106722.0,2,153.41,1490338.96
data,715330,75,7547871.6,5,174.85,5030195.43
data,908617,42,900749.1,5,123.84,499944.65
data,590073,12,996674.5,7,129.81,509162.85
data,515891,13,1020751.9,3,82.15,534272.48
data,22584,67,88269.9,5,121.59,48687.79
data,89766,96,264028.3,1,100.14,160038.89
data,319049,9,332168.8,6,99.73,183057.29
data,796696,43,3847924.3,5,144.17,2313138.63
data,893248,89,8703665.5,2,126.97,5661766.61
data,119340,15,334574.5,8,118.77,205546.77
data,21207,31,128757.6,1,83.03,78859.66
data,638613,83,8687960.2,8,196.2,5476054.31
data,873614,9,1345701.0,2,87.72,833040.4
data,103605,42,678924.0,4,96.9,407009.04
data,352575,86,4726301.3,4,120.47,2864312.85
data,521658,20,520920.8,2,93.58,348785.76
data,942935,4,530924.0,6,124.38,356614.78
data,358270,54,922768.8,3,123.42,540032.96
data,952942,87,11988315.3,5,130.25,7476615.82
data,826967,32,5097498.9,4,128.69,2840063.05
data,316654,23,1134386.7,6,125.42,674389.19
data,605388,18,1548682.5,4,130.83,931605.35
data,467953,5,8377.9,7,154.35,5042.64
data,436103,91,4911598.6,3,137.67,2911088.29
data,536414,11,1134661.5,7,142.54,749929.8
data,946105,94,11861607.4,6,179.6,6831773.74
data,643875,70,2025436.7,1,138.25,1242019.88
data,321033,97,376588.2,8,172.32,243861.99
data,453793,71,1042332.6,2,86.6,706677.87
data,903761,10,1174975.9,1,107.06,736171.73
data,986383,50,7186133.9,4,164.75,3756451.55
data,950790,8,623568.9,3,79.31,338686.04
data,672052,1,32720.3,6,144.67,16402.05
data,815426,51,3973121.8,2,139.44,2502310.66
data,940140,45,2260920.1,4,124.9,1416938.27
data,159490,90,2844056.2,7,143.5,1545166.92
data,750352,19,1957778.4,2,114.61,1213553.54
data,841548,76,10434960.9,7,174.43,6728324.58
data,389140,42,163994.9,1,94.72,77824.33
data,232516,98,4362870.9,6,137.47,2420118.34
data,676257,29,555800.5,6,137.52,315153.3
data,190959,53,882008.2,1,101.54,294433.16
data,685560,83,11338249.7,8,193.96,5926520.29
data,448906,43,3225775.7,7,131.02,2042250.24
data,642113,76,2547978.9,2,115.83,1873687.85
data,990388,78,10324671.1,5,122.32,7982432.33
data,739108,35,4843430.7,5,133.53,2901288.92
data,197845,8,115326.9,2,63.18,59968.15
data,287606,92,4007770.9,1,156.36,2227359.19
data,528972,68,4144445.4,6,146.05,3203033.86
data,580809,85,6940465.0,4,144.41,4452038.08
data,36103,28,109184.9,8,129.6,70070.13
data,805625,48,1976114.1,6,132.82,1327619.14
data,190622,71,1869419.2,5,129.77,1237329.15
data,747588,86,172621.7,6,184.63,117408.3
data,923142,61,11256897.6,8,192.87,6873439.62
data,308426,80,2523094.8,1,148.69,1289798.11
data,520129,100,8505404.7,6,147.39,5028638.64
data,777777,77,11307336.0,3,123.71,6356384.64
data,215894,3,89757.0,6,104.61,57589.25
data,120424,51,935578.8,7,148.84,441231.04
data,204264,80,2002349.7,1,131.66,1425165.04
data,458399,58,3276419.9,7,145.5,1796106.84
data,198560,88,2922661.6,5,115.92,1957796.19
data,822371,81,3562778.3,8,168.14,2293510.82
data,791901,48,5958173.0,2,108.39,3900934.68
data,883763,95,1218015.9,7,143.41,575652.21
data,659918,46,2793227.4,6,93.97,1934561.77
data,212285,42,1193795.8,3,99.62,541033.46
data,20983,13,51193.2,3,71.78,29944.32
data,660323,10,974713.3,4,122.1,534731.17
data,937769,34,1192493.5,4,129.48,792565.44
data,745251,35,1125214.7,1,106.71,753465.91
data,74716,72,392694.0,8,117.83,179710.18
data,172495,92,1506207.5,1,125.57,972644.79
data,563594,90,5484311.1,3,159.31,2850898.2
data,573139,78,8916092.6,1,93.02,6223881.6
data,995781,37,816564.5,4,121.29,564068.28
data,446372,20,1018308.3,8,109.5,640640.76
data,151634,1,11180.4,7,126.52,7300.35
data,867584,51,2053757.2,8,132.23,1258082.78
data,41900,84,504283.7,5,98.59,279779.1
data,181811,95,3153196.0,6,127.18,1795645.36
data,716149,2,172237.1,7,102.26,104969.45
data,769403,14,1706459.2,1,85.37,873103.66
data,353062,42,2369865.6,8,127.26,1450689.78
data,622416,46,240193.7,4,104.93,161687.89
data,496128,32,727017.8,6,136.86,435237.45
data,708698,39,2169399.5,7,123.55,1224159.64
data,653171,88,6927650.4,5,131.28,4485668.54
data,187751,96,3584233.0,3,146.18,2128775.83
data,966114,9,43083.0,8,93.22,28148.01
data,684985,63,4724033.8,1,128.92,2884118.82
data,604810,33,1194785.5,3,111.94,802014.86
data,361611,3,21898.0,7,97.66,16363.3
data,421908,9,720734.7,3,96.01,370958.25
data,439492,16,1343366.3,5,89.01,698438.19
data,749210,58,3922123.8,5,104.37,2409261.5
data,655444,16,299931.3,3,116.08,154823.37
data,33102,97,261500.3,4,161.32,172957.26
data,710456,2,218357.9,2,78.82,150974.29
data,176079,90,2904257.2,1,119.66,2103242.51
data,288438,32,433466.2,5,102.55,239193.48
data,66443,79,80478.9,3,112.4,47649.48
data,929354,49,3023406.7,8,138.49,1933808.35
data,295046,95,4832821.4,4,140.75,2651200.11
data,994135,79,572897.0,8,163.23,307955.32
data,937218,52,3765127.9,6,135.67,1812644.69
data,465273,76,6916973.5,7,153.4,4791628.13
data,263042,57,692548.7,3,101.21,402678.2
data,573279,28,1192261.6,6,130.08,857116.1
data,137434,61,400307.8,4,144.68,259348.8
data,501589,99,2454378.1,8,116.54,1544551.38
data,839915,46,7210583.3,8,178.47,4335329.52
data,460245,95,6546310.9,6,149.45,3917945.06
data,100878,36,21263.3,5,119.95,12762.12
data,577251,45,3501072.7,3,92.17,1993949.88
data,294421,83,2874145.2,8,167.29,1667853.85
data,845561,93,937880.5,5,158.21,584409.57
data,259252,56,1623881.1,2,120.71,963298.41
data,351142,24,160828.8,1,75.53,84333.41
data,387726,73,3610016.9,3,92.27,2013595.59
data,537754,81,4289065.5,8,148.12,2726557.62
data,363253,11,522462.7,1,101.68,310965.16
data,530699,37,851160.4,5,104.47,509053.33
data,96888,35,155835.8,4,115.9,121219.72
data,697345,46,3071454.6,1,88.6,1994866.21
data,410414,46,1293651.5,1,90.82,879059.74
data,7215,73,20363.7,3,81.5,12315.05
data,87023,94,432544.3,5,108.19,215285.95
data,91614,100,1511611.0,6,163.51,990619.36
data,31151,79,104961.8,7,138.32,67282.5
data,379574,86,6065133.4,4,146.09,3352784.68
data,325314,4,194803.2,2,113.91,117436.01
data,975591,55,2274458.8,5,142.01,1914810.25
data,786062,2,39501.5,7,130.83,24902.36
data,675849,34,860586.3,7,143.43,527049.99
data,269094,58,1718213.7,7,102.64,1118202.5
data,185393,76,2053459.9,8,159.4,1275061.64
data,621689,85,8925860.4,6,148.26,4885239.27
data,304310,20,964435.7,3,92.89,616860.97
data,393185,14,614404.2,8,112.99,390315.35
data,743916,94,13030733.5,8,153.0,6803224.09
data,396413,89,1238187.0,3,110.68,791013.21
data,635217,37,1933637.7,4,127.81,1416906.31
data,298275,60,2203242.4,7,143.52,1516694.49
data,874737,97,9292795.1,6,141.43,5042656.85
data,864315,65,11077651.8,8,112.12,6884737.2
data,946066,39,1509677.6,3,128.86,844051.25
data,34478,33,154455.4,3,71.03,83414.0
data,780760,60,2927051.2,6,147.55,1726218.52
data,101196,45,363884.5,3,96.98,246838.47
data,194806,26,642255.0,1,102.09,369974.06
data,428436,51,154959.0,3,128.76,95351.0
data,603670,71,5111443.4,1,110.25,3049014.99
data,317608,5,291674.1,2,93.69,132766.93
data,890766,70,9978347.1,2,120.58,5130809.51
data,105803,55,88950.4,5,79.95,52075.98
data,472409,42,2513037.9,3,119.14,1633646.05
data,209577,17,200668.3,8,131.67,125022.98
data,913135,97,15466525.2,1,158.24,9559395.51
data,897403,48,4816566.5,4,113.45,2800743.65
data,687688,12,580364.8,3,85.59,370758.97
data,963364,58,10602207.1,6,147.57,6539806.07
data,495827,49,2037347.8,1,89.89,1176020.44
data,200639,19,559432.2,4,81.39,368608.09
data,712275,72,9347675.6,2,118.36,4991760.01
data,670493,93,2376122.0,1,142.12,1371847.82
data,170112,23,198083.4,7,116.18,123036.96
data,910906,22,2213471.7,5,98.63,1518920.12
data,494131,6,176773.4,7,115.18,117151.15
data,848424,38,4616155.7,5,123.9,2193280.78
data,577251,76,7151044.4,8,156.05,4421408.13
data,822398,99,2328909.0,7,180.79,1406778.68
data,123623,98,1868109.1,1,132.54,1214588.4
data,83384,63,223797.8,7,135.53,119843.44
data,830126,43,1062964.0,3,113.81,594620.18
data,241924,85,3279600.8,8,126.55,1894017.17
data,909553,90,4486353.6,6,125.0,2627772.96
data,365591,40,534413.5,3,128.71,334135.2
data,504232,65,3088788.0,4,107.57,2007515.07
data,60127,52,271259.6,4,86.22,173829.21
data,327791,90,5170626.0,3,116.97,3021355.6
data,435923,60,5193844.9,4,158.37,2580382.7
data,652978,60,3603872.6,5,123.13,2452335.71
data,308258,61,1884834.0,1,110.91,1154089.54
data,759171,17,1038484.6,4,80.99,599779.02
data,523532,68,2902068.3,1,122.59,1715746.8
data,853824,72,1108812.9,1,147.66,618868.76
data,749459,53,1151387.4,1,116.25,711613.7
data,508955,54,5381288.2,6,115.98,3022150.19
data,633938,9,826306.1,3,102.35,531180.71
data,315097,9,528725.7,7,135.08,304769.82
data,54415,92,899926.6,7,157.1,547516.69
data,869276,45,6570253.3,5,153.4,4151485.9
data,350878,10,644939.9,8,138.63,459641.09
data,359767,23,1075549.9,5,132.46,620915.11
data,768171,72,3259288.3,6,123.88,1855478.25
data,184969,8,266036.6,8,133.71,170621.99
data,133088,64,108653.1,1,97.87,81139.89
data,116937,75,1166029.9,3,126.1,734090.77
data,559124,68,271353.3,7,147.85,172555.59
data,620195,44,3898802.8,3,126.3,2556821.59
data,513937,98,9030134.9,5,152.74,6131319.6
data,715154,30,2405916.9,3,104.41,1461945.36
data,810190,12,650270.0,8,131.09,390788.77
data,50646,18,161945.0,3,84.45,105230.66
data,365570,26,1250294.7,1,81.45,803462.05
data,875528,76,8364031.2,7,180.57,5606487.43
data,420274,60,5008885.9,1,115.97,2831135.77
data,275773,9,475390.5,2,67.86,360312.57
data,606731,48,1742770.3,5,127.78,1198361.57
data,592239,4,352589.8,8,101.51,195398.91
data,926840,58,1432080.8,8,124.62,915753.19
data,204511,13,12587.0,7,153.02,7795.34
data,747991,79,5048268.6,5,136.79,2965052.51
data,147335,36,152425.4,2,89.71,107386.1
data,861889,2,40786.6,3,98.71,27009.03
data,836895,35,4228748.8,1,113.04,1993906.42
data,567479,47,2087909.0,8,135.44,1016936.86
data,566526,78,3197282.2,5,115.22,2364422.4
data,807723,45,3529088.5,5,160.39,2239146.66
data,875626,97,13925200.5,6,162.36,9515659.45
data,874262,100,6116124.5,1,123.55,3383431.88
data,378079,31,78384.3,4,125.77,44346.9
data,839304,30,3861227.6,4,103.48,1843013.73
data,579432,8,780248.5,7,121.7,442034.55
data,940577,84,12035322.8,8,190.54,8004688.85
data,946364,96,3446784.6,2,113.21,2399391.33
data,396237,44,3067391.6,8,137.14,1865059.3
data,318381,84,1303462.5,5,119.9,684417.2
data,572012,57,1957292.2,6,151.06,984375.77
data,230777,14,219645.6,7,89.02,140364.32
data,790243,13,1504930.6,7,128.78,1138950.34
data,316129,41,1570289.3,8,102.8,992171.45
data,698337,65,1951453.5,1,109.29,1098428.88
data,337924,1,22333.0,6,106.84,13213.4
data,228417,82,1898367.0,8,155.94,1127999.0
data,461852,45,3798393.5,4,128.39,2643650.84
data,957526,40,4382907.3,5,143.16,2261412.35
data,511798,33,954573.5,3,89.87,632868.45
data,653779,70,8594778.0,4,134.97,4499888.11
data,265070,21,63752.0,6,120.51,35944.68
data,795148,60,8116226.0,7,145.68,4390289.68
data,807895,49,7323998.0,4,131.83,3675171.29
data,475624,29,2669755.3,5,102.43,1480286.93
data,89556,71,1246345.1,6,106.58,836600.58
data,181629,87,954237.2,3,122.48,453816.74
data,823042,62,5253507.1,6,149.39,3117374.26
data,859864,17,1066253.4,7,159.96,704170.29
data,920024,96,15445272.1,1,121.41,9375643.37
data,371476,42,2520995.7,2,99.45,1714539.67
data,322458,84,1538373.8,4,139.09,1026078.78
data,54854,28,71658.0,5,90.11,39920.35
data,172346,67,125496.7,6,108.78,87146.92
data,870774,86,7068478.9,3,103.37,4692933.41
data,142506,37,739025.7,7,94.11,480083.28
data,34640,20,101269.9,8,116.79,59795.03
data,368941,20,1001954.0,5,119.02,616918.0
data,652864,40,2514253.1,3,115.42,1445597.65
data,536061,91,8587407.4,3,105.56,5755288.91
data,700279,98,10708474.4,1,149.36,7320675.49
data,776462,16,1239214.9,8,133.46,817569.08
data,673773,1,20130.3,4,126.97,11363.25
data,750822,58,8591636.7,4,155.02,5616041.71
data,936997,47,3590499.6,6,124.63,2092964.7
data,876988,65,1462271.7,8,144.24,843940.23
data,413528,35,60449.9,7,115.81,34818.88
data,148476,49,1344296.1,7,122.46,807093.56
data,472884,48,2085058.5,4,135.61,1210909.82
data,779550,7,875710.0,8,130.71,275353.41
data,535094,26,406765.9,6,111.62,226625.02
data,456952,95,776637.0,3,143.51,460148.74
data,722287,39,1037182.1,2,99.66,478501.65
data,522201,49,3124187.8,1,100.35,1927950.39
data,835823,80,2568484.3,1,107.34,1447805.54
data,710281,2,241388.1,2,87.32,161517.42
data,533901,30,633282.4,2,82.8,384329.6
data,779353,46,340049.2,2,108.0,176260.65
data,784539,46,4619158.4,7,132.81,2863525.76
data,679846,46,1880586.1,2,121.43,1305169.01
data,263138,67,3270932.9,5,162.2,1686094.84
data,761266,34,698730.6,1,91.52,596228.37
data,479249,42,1975667.2,7,156.81,1317833.94
data,797016,96,6735903.3,1,176.88,3472259.87
data,283653,76,1892197.2,2,142.83,1061128.14
data,932686,22,3601422.7,8,119.25,1950906.56
data,230427,93,3703490.4,2,104.16,1938331.84
data,773196,91,3665699.4,4,177.4,2253571.89
data,19491,78,54491.8,2,112.12,37151.39
data,421759,20,1592571.3,1,77.75,1109854.67
data,863686,72,2867593.3,6,166.89,1885866.67
data,603191,13,1399736.4,4,110.71,950423.59
data,732649,47,1321799.6,4,106.71,836998.58
data,327591,51,25083.7,2,144.84,18034.55
data,833260,65,10665254.5,6,148.31,5401281.67
data,887432,36,3231918.9,1,93.4,2355179.11
data,961029,59,991068.4,5,128.17,634913.14
data,855679,100,8986019.3,2,120.33,5831593.67
data,708118,64,6610110.5,6,102.62,3441212.24
data,709442,3,230260.3,1,75.51,143655.72
data,907667,9,522989.9,1,95.36,309591.24
data,798428,71,496267.7,7,189.23,296818.82
data,268856,41,1879826.7,8,110.06,1293538.84
data,635534,96,8467352.2,6,170.36,4601193.08
data,684056,71,2507738.0,4,145.03,1508640.84
data,662616,65,5245503.0,1,113.4,3346108.72
data,256182,71,3612555.9,4,108.87,2172799.6
data,4623,15,11727.3,1,50.84,6480.28
data,770313,70,8931116.6,2,135.5,5307041.18
data,649417,46,2687757.8,3,97.53,1726752.43
data,904083,9,1619672.0,5,138.5,906859.24
data,381895,73,2750617.7,3,126.15,1708839.67
data,204516,70,231747.3,8,122.41,136546.35
data,26736,74,232976.6,7,156.72,137240.49
data,257255,98,3242381.9,3,153.83,1810737.86
data,808432,36,4711726.1,4,110.64,2515606.3
data,323957,11,38813.5,3,95.58,22469.83
data,371372,93,6830747.0,7,176.56,4312191.34
data,172280,14,163735.2,2,66.02,111471.7
data,35628,61,68455.1,3,124.66,33950.1
data,636547,50,3823705.2,1,60.54,2039365.33
data,299645,48,2566891.8,6,142.07,1486434.44
data,11812,46,6255.0,4,86.77,4365.4
data,974711,19,2708010.7,8,131.53,1669485.04
data,815438,32,2507208.4,8,117.36,1514636.2
data,471912,25,1766944.0,4,80.61,860595.21
data,767742,78,816681.4,5,165.12,480796.8
data,929193,67,10091802.3,8,117.31,5874104.11
data,391515,9,421318.7,3,89.74,244712.36
data,210180,53,494949.0,8,99.52,319627.07
data,777924,12,1491427.3,8,111.63,884019.43
data,451192,16,1141475.5,1,80.32,583297.33
data,883628,38,2066289.5,3,103.5,1170406.65
data,231332,75,1241457.8,7,147.31,806893.65
data,917341,77,767121.3,7,156.34,496146.88
data,282468,23,407180.8,8,126.25,244617.64
data,538398,91,638885.6,2,123.76,274977.94
data,213288,81,246041.0,7,137.19,161624.1
data,15582,38,13543.8,6,108.52,9162.19
data,888911,21,1201733.3,2,92.84,617346.82
data,806726,69,5688090.7,3,148.33,3737391.52
data,491268,35,2706413.8,2,58.25,1198704.95
data,148347,13,326070.1,2,103.99,189428.99
data,56073,75,629150.0,2,101.61,358519.01
data,5042,33,31700.0,3,91.26,20610.96
data,624226,43,4989996.7,5,124.64,2956984.06
data,234636,70,1647557.0,7,160.44,1121653.55
data,185776,5,154513.3,6,86.19,84329.35
data,839544,45,1015415.1,8,123.37,555328.66
data,635074,90,4596514.9,1,88.59,2907141.86
data,870953,7,1217595.5,1,92.32,705860.72
data,342619,37,49233.9,6,151.03,26326.54
data,517022,77,1157071.6,4,120.62,704635.48
data,354235,77,4672799.0,4,140.29,2472882.81
data,801016,73,429947.0,5,126.1,231244.99
data,750004,95,13116772.5,1,131.46,7341163.71
data,803933,100,8539324.6,7,185.85,4298477.55
data,912366,73,7174559.1,6,116.96,3566074.12
data,423257,12,576349.5,1,101.65,323425.31
data,437432,28,2287601.1,7,142.24,1310109.84
data,346927,64,120866.8,8,138.28,53334.24
data,933000,46,7131527.6,2,95.19,4161353.01
data,425578,98,1601690.9,2,135.94,795875.08
data,122622,27,119923.1,1,98.74,71683.07
data,956528,89,14620542.3,8,125.14,7589222.95
data,80655,71,813596.5,3,118.57,465364.52
data,289908,69,3288030.8,3,129.01,1792164.9
data,228290,94,3616480.0,8,183.69,2234894.72
data,695527,14,1187960.0,4,107.55,662159.62
data,693645,35,1134352.1,4,128.5,572011.42
data,343842,75,2668455.8,3,95.83,1787507.9
data,974316,19,3247584.4,3,94.06,1974382.6
data,530454,14,102027.9,5,116.53,57970.64
data,285082,24,687919.4,6,122.59,381773.66
data,860298,43,6794252.9,3,110.15,4408917.23
data,571805,66,5156632.7,7,173.55,2968557.16
data,84522,60,120827.5,4,127.3,84814.49
data,184715,61,804736.5,7,139.35,451869.91
data,653207,82,4190061.4,5,127.52,2114673.41
data,117058,24,89374.8,1,79.08,58172.46
data,387589,51,1387799.5,8,131.37,909106.64
data,998291,19,1049820.2,3,95.11,595980.39
data,879651,19,410981.1,2,93.01,263418.63
data,165945,11,273162.0,2,83.98,180520.45
data,935021,11,303234.8,4,108.68,182927.81
data,589635,75,6347243.4,7,159.54,4167716.6
data,184434,15,340455.9,5,88.2,194003.8
data,491492,98,1681800.2,4,187.06,1355902.28
data,744842,39,2914518.5,6,148.54,1772255.53
data,36636,20,56887.6,1,59.28,37572.52
data,862732,42,6418040.4,5,155.63,3198581.94
data,82357,18,158376.7,6,108.97,126573.3
data,137772,87,1304756.0,8,158.93,717326.42
data,611730,91,1789916.1,8,121.5,1065430.27
data,69906,72,334976.8,2,127.18,209344.59
data,298901,80,2506350.0,1,114.51,1291880.45
data,202730,34,1299085.6,7,125.08,776123.55
data,543886,84,1108082.3,1,87.62,537429.04
data,282998,3,53552.7,5,105.11,33066.38
data,389966,52,2949083.5,2,92.13,1827796.42
data,860234,63,1968545.9,5,150.24,1291655.52
data,902466,41,3996504.4,3,113.69,2346353.94
data,966154,16,1454006.1,5,117.41,833691.34
data,843550,38,5442195.3,8,123.51,3456792.93
data,113796,66,649158.3,6,133.7,491337.3
data,841687,43,2895174.7,2,92.58,1623392.23
data,486468,22,1589531.8,5,75.84,1072015.19
data,841807,32,2943196.9,5,130.36,1456133.42
data,361304,11,350905.3,7,113.33,173249.74
data,782567,63,2191865.4,2,103.21,1056902.26
data,820077,30,4250002.3,2,108.81,2946214.06
data,299004,15,864381.1,1,91.22,489165.89
data,256513,65,297413.0,8,124.63,176650.8
data,48576,61,574269.6,3,70.64,346263.79
data,201705,2,29599.9,3,80.98,17831.65
data,71558,19,202668.7,4,96.46,148263.31
data,452426,65,3658124.1,4,142.22,2787631.18
data,819966,69,2970450.1,1,141.16,1592772.96
data,728767,21,127711.3,7,150.75,69841.46
data,670744,62,639246.0,8,128.86,364643.99
data,870859,33,1347575.5,5,112.36,872160.65
data,876339,44,90130.9,3,96.34,71646.99
data,43792,75,22412.6,6,143.23,16410.11
data,454781,98,4838370.8,4,145.38,3099597.76
data,286418,57,803939.2,5,145.96,521111.08
data,162274,83,1525198.0,4,130.08,722266.09
data,468435,65,4928501.5,7,134.55,2338776.28
data,343549,82,794512.4,2,143.21,508534.4
data,242253,11,194338.7,1,65.67,88211.6
data,150045,5,18750.6,6,95.87,12409.04
data,69375,91,523500.3,6,144.99,279649.87
data,459050,15,189120.4,1,115.7,129554.76
data,388294,48,649416.6,6,104.77,418692.48
data,17821,16,7757.5,5,105.48,4639.87
data,232648,13,589876.9,6,127.79,371792.55
data,447689,53,279109.7,5,140.97,175011.84
data,92918,35,200657.0,8,137.85,106107.82
data,512120,41,2241492.6,2,120.51,1231632.6
data,732346,6,783333.9,8,140.12,542228.93
data,484875,79,6923220.7,1,149.13,4384348.78
data,267451,22,75453.6,4,97.76,42568.58
data,330029,96,5679635.3,1,136.36,3395238.88
data,998962,72,7381421.5,1,128.5,4253042.8
data,749907,29,1440631.5,3,107.58,910646.16
data,68405,32,331733.0,1,75.26,221831.73
data,104788,52,607968.2,2,89.46,349027.55
data,215777,42,541595.4,6,113.14,373995.75
data,502593,56,5174332.7,5,94.87,3157807.68
data,968597,38,6703110.6,4,132.53,4306318.42
data,590137,35,744453.7,7,146.66,391886.64
data,773877,19,538650.2,1,96.65,329628.67
data,741350,18,2396383.3,7,85.83,1468197.73
data,267909,73,527690.2,7,142.55,302879.7
data,742001,95,2622748.2,6,137.6,1611848.09
data,387484,12,315405.2,1,86.98,185709.39
data,532452,45,1302725.0,6,95.33,957444.92
data,560483,72,5394595.9,6,137.99,2776460.7
data,467594,45,3989963.2,4,102.73,2497452.05
data,291368,45,1120137.8,5,153.85,457851.45
data,288535,67,297680.6,8,109.53,232937.19
data,650260,51,6593798.8,8,149.87,3987800.85
data,144218,46,994127.2,4,102.87,594248.73
data,993153,23,563466.6,6,128.3,358056.6
data,581444,8,65851.7,6,108.69,33270.76
data,467484,56,4465819.2,4,109.08,2640543.14
data,720236,68,2578586.3,2,116.65,1393746.34
data,967252,21,2108128.2,6,133.73,1246953.62
data,912367,63,1602511.6,8,151.35,975279.27
data,989693,83,10712262.8,8,186.66,7248476.37
data,612000,61,5783380.0,6,115.72,3512006.24
data,778265,79,2181659.8,4,94.47,1456634.93
data,343572,28,1401945.4,3,81.21,750033.35
data,852820,49,1151775.1,1,97.07,620605.89
data,143152,21,137478.1,3,75.95,86728.84
data,907918,9,867988.4,8,117.14,610030.82
data,396865,28,2088672.6,6,111.03,1350609.09
data,6279,4,4343.2,3,64.82,3472.97
data,869986,10,1467397.6,8,112.49,885535.55
data,159970,32,48692.6,8,132.45,25674.33
data,639245,59,2572853.0,8,133.85,1611621.15
data,623555,98,7366755.9,7,152.01,4107463.65
data,343884,85,3890247.1,1,101.33,2744024.82
data,197802,66,1316230.1,5,124.44,863904.19
data,629708,80,9927104.4,4,126.99,6916307.7
data,133431,11,92563.5,6,128.89,54963.94
data,921075,44,4201583.6,5,153.49,1996775.87
data,153879,20,70387.1,1,102.0,42997.02
data,292184,73,3412354.2,5,112.06,2069676.52
data,427654,15,858569.6,7,98.22,545528.19
data,14236,90,20314.6,8,134.27,16974.53
data,734151,91,4882461.1,5,88.09,2944186.05
data,738275,46,1592189.7,1,88.39,827922.74
data,633506,15,829463.6,4,106.89,506386.3
data,654825,80,4938244.4,5,130.7,3123286.8
data,338953,98,3943538.2,2,125.43,2329415.3
data,28479,56,309142.3,3,103.01,186303.78
data,273781,38,880518.2,3,119.48,423544.67
data,502773,60,3071645.0,4,119.69,1943200.44
data,902534,22,264929.2,1,98.46,160603.37
data,157161,33,900285.6,6,139.2,596350.03
data,109191,18,198256.3,3,89.6,103779.68
data,881206,42,5084196.6,4,130.85,3273516.47
data,200184,69,497821.9,2,139.12,347545.49
data,495491,98,4745404.5,8,193.38,3012175.8
data,537375,90,3797394.5,1,152.99,2228451.3
data,480748,31,334791.5,8,139.72,254155.83
data,439122,82,6652589.6,2,157.53,4006001.4
data,534580,57,2991367.8,6,122.99,1886713.41
data,649546,55,260128.7,7,142.97,173372.46
data,26925,51,164770.6,5,111.89,105386.08
data,647420,57,1219303.5,1,135.55,662866.66
data,419685,88,3018750.3,4,180.18,1670576.68
data,148695,21,198916.1,8,102.83,115442.71
data,861524,89,3436974.6,6,126.35,2025631.74
data,440024,36,1204849.0,6,108.03,785632.69
data,397161,37,742665.8,3,89.26,427929.7
data,316593,7,156322.2,3,85.16,89162.35
data,879950,71,10509726.3,4,136.72,7290836.34
data,984131,44,6879678.0,6,140.54,4563010.59
data,32671,96,236748.0,7,128.54,152553.88
data,653283,73,7311753.1,6,138.3,5717794.33
data,788717,55,5504645.6,2,123.75,3029537.7
data,725024,89,6729131.3,2,157.45,4524921.51
data,742456,18,1689115.4,4,109.6,1002820.01
data,513266,31,1073697.4,8,141.63,724378.42
data,75590,96,782153.1,1,120.02,417731.78
data,486033,99,49848.8,7,176.86,31480.86
data,842882,80,8030270.2,4,125.76,4222860.68
data,915093,68,2774390.9,8,155.06,1678975.28
data,160746,3,78540.3,6,91.97,46781.27
data,822806,66,8221965.6,2,117.0,5118031.31
data,990321,88,15881820.4,4,161.55,11672500.77
data,638177,43,5112153.7,4,133.82,3165401.71
data,437965,84,2939743.9,6,145.52,1870509.85
data,75316,71,749985.6,1,124.54,543826.44
data,838402,8,836711.5,2,96.23,565277.2
data,433018,45,232708.1,8,126.77,164965.87
data,672860,72,9356827.5,8,154.67,5744870.91
data,560395,53,1828280.5,1,97.81,1132399.19
data,400522,57,352167.6,7,128.6,207138.21
data,979007,89,2913543.1,4,129.33,1809199.89
data,78296,85,31034.7,2,119.39,20469.03
data,254568,65,211028.2,3,129.31,129984.04
data,239401,53,1751650.6,6,115.18,1091059.91
data,713843,85,7479724.1,8,133.69,3929553.17
data,963134,42,7163813.5,1,142.66,3887319.2
data,48776,53,308608.4,3,117.2,205613.44
data,45891,27,124213.0,7,98.58,74417.05
data,221575,6,260586.1,2,86.83,166662.71
data,888228,35,169461.5,8,122.06,139191.38
data,909903,97,1896091.4,6,164.89,853632.59
data,602422,55,4450823.1,8,101.69,3125144.88
data,695172,67,7759929.6,6,165.56,4758277.14
data,972045,93,6494136.6,8,222.06,3845696.01
data,556306,83,2392655.1,4,170.27,1548285.04
data,139693,7,124709.0,5,96.05,88258.26
data,699753,20,2185407.0,6,126.21,1300078.76
data,846398,22,2181383.8,2,101.55,1449419.74
data,449442,80,3098111.2,7,103.01,1910470.91
data,163748,40,953121.0,5,105.04,531019.03
data,783076,97,10054914.8,3,146.95,6366475.54
data,357142,73,1479660.5,8,176.34,803002.72
data,20300,21,83660.4,6,100.48,48316.84
