type,width,height,channels,file_size_kb,cpu_true,mem_true
image,32,32,1,1,0.5,5
image,64,64,1,3,0.8,8
image,160,120,1,8,1.5,12
image,320,240,3,20,3.0,20
image,640,480,3,60,6.0,35
image,800,600,3,100,8.0,50
image,1280,720,3,200,15.0,80
image,1920,1080,3,500,35.0,150
image,2560,1440,3,900,55.0,250
image,3840,2160,3,2000,95.0,420
image,3840,2160,4,2500,105.0,480
image,7680,4320,3,8000,220.0,950
image,7680,4320,4,10000,260.0,1100
image,4295,5878,4,8231.4,1568.74,2995.53
image,5157,2413,1,310.0,688.42,1050.56
image,3597,4209,3,5339.3,1096.41,1586.76
image,5842,9775,3,21749.7,2678.0,6884.95
image,6918,11648,3,110060.6,6364.62,14051.66
image,6946,4815,4,39037.8,2219.21,5409.27
image,3846,3243,4,10285.4,612.68,1559.38
image,6732,12430,3,56009.1,4116.76,11762.15
image,7597,6560,3,63535.9,3477.21,8560.49
image,2613,3007,3,5144.8,532.5,941.13
image,5422,8124,1,11805.0,2056.93,4943.87
image,5536,8720,3,32263.3,3195.57,5453.54
image,4638,1212,1,2294.5,338.08,585.07
image,658,1143,4,502.8,42.54,102.46
image,4699,2951,3,12735.9,758.64,2085.81
image,32,35,3,1.2,0.86,3.47
image,5105,7185,4,1976.8,1811.31,3858.6
image,6294,5081,4,11282.1,2025.47,3740.18
image,3529,5096,4,25395.7,1359.03,3240.84
image,4041,1089,1,1069.1,235.28,436.48
image,1163,2257,1,318.5,137.24,257.9
image,7253,3640,3,35950.9,1795.17,4272.3
image,5465,3321,3,1730.8,959.03,2007.97
image,3477,5352,3,17627.3,947.14,2840.56
image,2832,3737,4,5938.1,508.15,1458.36
image,6573,2748,3,7491.1,980.76,2177.85
image,4567,6869,1,4715.4,1149.71,3568.42
image,6126,1950,3,7214.3,736.69,1530.03
image,7361,2869,3,18509.6,1346.57,3252.01
image,2807,1262,4,158.4,184.94,330.29
image,2257,3833,3,2595.9,487.64,1109.09
image,2399,1781,4,5613.6,275.7,702.46
image,6177,3004,1,3757.9,742.75,1908.2
image,4316,2543,4,8087.7,542.21,1454.04
image,6248,11494,3,88775.9,3780.83,11122.51
image,2419,4309,3,11208.5,574.64,1727.14
image,1190,2108,3,2874.3,178.71,430.56
image,222,357,4,78.5,5.59,16.18
image,6339,9575,4,11467.8,3180.95,7230.62
image,5603,9383,1,24860.6,3556.77,6952.24
image,3077,4774,1,4757.7,783.11,2061.85
image,7263,8142,4,73912.6,3590.09,9324.35
image,5226,8797,3,47314.4,2754.74,6728.73
image,225,346,4,63.5,5.42,16.31
image,3235,3906,3,9150.0,651.15,1910.25
image,3439,2508,4,645.6,420.63,958.56
image,1061,334,4,204.1,23.55,47.4
image,5117,2449,3,14981.5,925.66,1987.79
image,4055,5285,4,28867.0,1064.84,3469.71
image,569,682,3,156.5,21.77,45.07
image,189,362,1,1.4,5.49,12.55
image,832,884,4,616.8,40.19,89.82
image,6448,4575,3,28146.1,1603.51,3791.16
image,7435,4001,1,8790.1,1276.25,3186.26
image,1440,1305,4,2305.6,134.98,250.21
image,2732,5077,3,6150.5,872.88,1857.25
image,2447,1635,3,4796.5,207.93,657.92
image,7053,13315,4,70111.2,4167.5,13871.75
image,668,732,3,307.0,25.32,66.8
image,4726,2748,3,4272.2,757.95,1444.78
image,5724,2381,3,4609.5,646.21,1762.21
image,6512,3276,3,17781.9,1562.83,2687.15
image,5216,6699,1,1221.9,1494.62,2916.38
image,6084,5760,1,16743.9,2107.37,3932.16
image,5052,3116,1,422.0,796.94,1617.07
image,2092,3550,1,674.2,382.73,877.66
image,7281,4462,3,38961.5,2463.0,5067.48
image,2506,4833,4,10542.0,694.4,1938.99
image,5663,5587,3,10043.0,1801.17,4239.4
image,6736,6702,1,4897.8,2640.76,4644.09
image,2416,2140,4,4761.3,265.59,752.96
image,5053,1765,1,3409.9,566.47,985.07
image,2025,1109,1,627.6,77.32,261.84
image,6220,11086,4,104014.5,3692.72,9912.88
image,5681,6904,1,15287.4,2014.79,4825.79
image,2688,1030,1,795.2,137.24,359.11
image,4424,7347,4,19005.5,1738.49,4068.18
image,7338,13660,1,48505.8,5289.79,9151.44
image,5896,9669,3,61734.1,3900.1,8882.26
image,4013,3183,4,22518.2,733.54,2737.66
image,493,334,3,68.5,11.27,19.72
image,5927,6984,4,44567.6,2436.81,6701.79
image,1894,1319,4,3445.6,162.2,406.48
image,1628,702,1,145.7,66.24,125.88
image,737,184,1,45.2,6.47,20.92
image,7632,9717,1,6278.3,3255.66,7509.3
image,4954,4791,3,26638.8,1645.33,4108.75
image,6065,9030,1,24537.5,2990.35,6735.25
image,5417,3883,1,502.8,1071.7,2356.77
image,5882,8862,1,14978.3,2807.83,5885.14
image,3468,6256,3,5006.6,1031.22,2537.45
image,4394,3432,3,18318.6,1009.73,2673.75
image,1153,599,4,317.4,46.27,76.45
image,3901,2047,3,10237.8,529.76,1219.0
image,2117,649,1,543.6,74.6,170.62
image,5548,8752,1,11452.5,2192.93,5349.48
image,6786,3334,3,16814.6,1358.36,2922.48
image,3183,1074,1,1276.3,149.77,379.37
image,3255,5698,3,14089.2,1212.66,2347.21
image,5240,2856,1,5091.5,813.4,1595.61
image,2195,1597,4,4342.7,264.76,640.16
image,6994,6030,3,54858.9,2347.98,7137.04
image,6917,9110,4,109674.2,4331.13,13820.34
image,6122,8754,4,16491.1,2932.61,6757.84
image,3961,2494,3,13677.3,733.29,1789.61
image,2544,4685,4,4317.9,628.17,1106.25
image,3564,2275,4,1883.9,337.15,1001.32
image,3495,1416,3,4431.2,322.74,679.18
image,3245,1958,1,398.3,331.98,770.62
image,281,179,3,3.3,2.84,9.6
image,961,348,4,111.7,20.92,49.62
image,5709,5059,4,8791.6,1405.91,2809.72
image,6853,11675,4,79032.7,4925.61,12675.76
image,4678,8693,1,4814.3,2151.35,4899.75
image,911,1114,4,722.4,48.57,143.1
image,6582,4139,1,10073.8,1782.4,2851.68
image,674,1103,4,958.9,41.71,126.61
image,2559,3808,1,1633.2,589.93,1038.66
image,538,288,1,58.0,9.58,20.09
image,5375,9929,3,32153.2,2625.85,7151.26
image,2658,1011,4,4458.0,196.25,562.64
image,1514,1456,4,3996.5,143.67,425.0
image,1879,1879,4,6013.8,218.94,689.98
image,2421,3329,1,1344.7,407.54,903.18
image,1456,457,4,1217.6,51.47,118.34
image,1742,3417,4,9593.3,408.33,1125.52
image,4155,3204,3,18479.3,866.76,1737.17
image,5001,4464,4,25620.6,1288.26,3510.74
image,1346,522,4,406.6,34.89,97.62
image,3143,3475,3,5456.2,564.45,1421.23
image,6633,2598,4,1025.8,718.36,1917.01
image,3608,6526,1,804.0,936.58,2582.79
image,3569,6855,4,43020.4,1788.93,5426.65
image,3736,7454,4,29222.6,1837.58,5126.88
image,2765,3987,3,4508.6,499.7,1495.76
image,6731,5037,3,19281.1,2129.85,3916.68
image,675,851,1,181.8,35.58,70.14
image,3150,3795,4,10920.6,816.52,1844.9
image,7118,11065,3,47944.7,4685.24,8057.79
image,6134,7251,1,9951.2,2344.56,4992.27
image,6788,13336,3,132118.5,6110.63,13883.17
image,7602,8312,4,105858.4,4375.07,12379.65
image,1100,927,4,419.8,68.82,118.2
image,824,552,1,37.5,24.58,54.83
image,5771,9402,4,89516.2,3464.7,8541.04
image,2878,4494,3,872.1,429.63,1393.48
image,6611,6808,4,29644.4,2561.64,5617.18
image,7053,5680,3,11766.1,2158.01,4573.2
image,5052,2045,1,3452.4,571.56,1255.34
image,1698,2903,3,1411.7,277.4,523.88
image,4614,1983,4,3225.5,549.63,1069.68
image,3421,2691,1,640.2,533.34,904.13
image,1444,1461,3,3059.1,149.34,400.76
image,295,547,4,30.7,6.99,21.02
image,6225,4032,3,34212.6,1564.2,4084.79
image,2040,1889,4,237.3,192.87,400.52
image,4084,1128,4,3569.6,231.38,690.88
image,1957,2170,1,1206.4,239.69,471.69
image,3275,3731,1,3501.1,561.94,1408.38
image,2611,3802,4,18161.6,722.99,1657.03
image,3247,3497,4,7587.6,592.27,1492.81
image,6233,9859,1,16497.9,3178.34,8055.28
image,7622,14498,1,53741.6,5287.81,11451.66
image,4150,5899,1,7014.6,1142.36,2880.23
image,3759,5499,3,25461.1,1366.71,3365.98
image,2883,1165,3,2402.6,192.48,419.38
image,6877,11984,4,132829.3,5154.99,13154.47
image,6091,6197,3,28877.8,2446.45,4400.53
image,6378,7383,3,42550.5,3012.2,7672.18
image,909,1445,3,532.7,65.05,165.51
image,4781,5111,4,31007.2,1452.59,4104.12
image,6492,12613,3,25070.7,4320.08,8512.87
image,3989,5656,4,36675.4,1549.03,4772.44
image,2487,2545,3,9103.4,499.64,1196.61
image,6829,12347,4,37917.5,5185.39,9890.84
image,1225,2020,1,507.1,139.34,304.97
image,373,261,1,21.2,4.95,14.7
image,2544,980,4,1962.7,150.85,324.82
image,4177,4413,4,3138.5,966.26,1790.7
image,7490,6020,4,3539.2,1862.78,4029.99
image,1427,1293,4,1649.4,97.4,326.88
image,4191,7238,3,6597.8,1499.84,3351.62
image,376,408,4,142.2,8.45,29.01
image,7359,11727,1,27844.0,4720.83,10876.44
image,6293,11631,4,136943.3,5547.74,13786.18
image,4052,7429,4,12362.5,1480.01,3070.93
image,7356,4443,1,8460.0,1654.29,3927.79
image,1722,1682,4,432.8,152.82,319.34
image,4661,2768,4,9109.6,729.88,1458.22
image,2593,3694,1,1961.7,519.68,1014.17
image,4895,3137,4,9271.4,946.54,2230.09
image,1882,2462,1,109.0,262.91,490.72
image,3098,3901,3,9131.7,660.54,1382.05
image,6001,2525,4,27218.1,905.41,2944.7
image,4904,5004,1,9017.9,1328.27,2927.26
image,1054,1365,3,898.1,59.85,224.36
image,1678,3216,4,4159.1,307.08,794.57
image,3374,6012,4,23303.2,1234.38,3071.08
image,6718,3195,1,9243.0,1148.46,2965.42
image,3358,5721,1,4110.2,993.8,2275.99
image,1533,487,4,1125.1,41.4,128.69
image,4728,7306,1,8067.6,1833.75,4103.78
image,5966,9577,1,24125.9,2937.27,7980.06
image,5286,5222,3,14476.6,1538.07,3326.19
image,2901,3052,4,11584.2,476.31,1332.35
image,1146,594,4,718.7,38.81,111.54
image,2458,1241,3,2028.0,194.08,412.83
image,1592,1856,4,702.6,171.01,283.56
image,4900,3962,4,24540.7,1238.25,3311.9
image,3478,4568,3,4045.0,869.73,1761.16
image,949,1447,1,467.6,75.72,164.63
image,5038,5720,4,41263.8,1776.03,4250.31
image,5855,7613,1,7669.8,2691.46,4617.12
image,3910,2241,3,5789.2,374.91,1088.95
image,3235,4862,1,6529.9,884.64,2028.48
image,3060,2090,4,9521.3,388.9,1241.47
image,178,129,1,0.3,1.15,8.01
image,379,592,4,341.8,15.1,41.57
image,7282,10056,4,86875.1,4407.99,10842.43
image,4155,2881,3,14831.0,678.37,1772.58
image,3337,6385,3,19918.1,1216.81,3099.73
image,6681,9850,3,55467.4,3558.6,10444.91
image,6361,7609,1,21519.2,2805.13,5679.52
image,5905,8246,4,19622.0,2102.03,5383.7
image,671,1123,4,346.7,40.04,101.62
image,7374,7146,4,56084.7,3065.15,8502.95
image,3399,1717,1,1054.5,240.51,550.6
image,2805,1380,4,1806.8,239.76,503.9
image,2681,1072,3,4191.9,177.26,413.47
image,133,244,1,13.9,4.06,8.74
image,772,1111,1,230.8,45.76,109.17
image,392,608,4,318.0,15.2,41.61
image,5275,5497,3,41610.9,1797.57,4548.98
image,4010,7541,3,25270.8,1585.11,3858.86
image,2965,2759,4,8034.6,484.42,1366.09
image,6586,8331,1,26789.1,3221.86,6940.32
image,4495,1704,3,5285.8,475.51,1105.83
image,3512,2203,3,2687.3,424.3,894.56
image,1972,851,3,963.0,114.13,219.87
image,3868,4369,4,10730.2,904.65,2374.03
image,7288,7210,3,42199.6,3238.48,6874.03
image,118,194,3,9.2,2.84,6.99
image,7160,6683,4,31414.0,2603.92,7464.25
image,4871,9300,4,62994.4,3169.48,6523.88
image,5596,1977,3,10313.8,695.78,1490.46
image,7479,6200,1,15303.2,2437.04,6033.57
image,181,100,1,8.3,1.66,9.65
image,1043,1118,3,669.8,64.97,156.94
image,1561,2857,4,4840.3,278.3,811.02
image,1808,2667,1,1589.4,263.31,564.49
image,7411,5432,4,59210.3,2092.09,7247.12
image,82,71,1,1.0,2.41,7.05
image,5200,9455,4,76450.6,3107.47,7879.77
image,6610,3160,1,385.0,888.66,2338.01
image,2153,3476,4,5738.2,452.04,1128.25
image,316,100,3,20.1,1.66,7.4
image,3485,5923,4,4215.1,1084.5,1932.77
image,3301,2363,4,7566.2,513.0,1430.46
image,2099,4060,3,3384.0,348.54,857.42
image,6443,1924,3,12674.3,682.3,1898.12
image,5395,9615,1,19255.2,2818.97,6298.53
image,2768,1868,4,4698.6,367.9,775.4
image,2056,2825,1,876.8,306.01,569.29
image,4888,4184,3,19467.1,1139.87,2641.58
image,3201,5050,3,11229.4,996.65,2208.55
image,5422,7064,4,66286.1,2415.75,6649.82
image,5109,9123,1,5026.9,2437.51,5456.26
image,6953,7728,4,43892.0,2642.21,7270.78
image,6049,1595,4,9276.8,594.99,1608.81
image,4939,6927,1,3660.3,1525.77,3236.72
image,5220,2316,4,22696.7,1045.12,2423.18
image,6586,4597,1,7331.1,1920.88,2910.87
image,470,377,4,101.0,10.39,29.7
image,99,131,3,10.6,2.12,4.39
image,457,512,3,114.4,12.8,38.27
image,3024,2754,4,6079.1,499.59,1219.42
image,5849,5003,1,4183.1,1613.02,2808.6
image,6744,3147,1,5019.0,925.04,2561.66
image,4920,6858,3,9094.0,1898.07,3747.2
image,3885,2166,3,9395.6,520.14,1067.17
image,4849,1294,1,1968.1,359.99,827.2
image,5092,1840,3,2254.7,514.21,1114.53
image,2869,1042,4,2088.9,204.53,364.01
image,759,1066,1,360.6,49.79,104.41
image,5701,10478,1,18139.1,2710.47,5676.43
image,2854,2867,3,943.1,408.54,759.4
image,5231,7246,1,4499.6,2119.54,3738.3
image,5339,4722,1,11756.7,1417.16,2875.11
image,5411,10201,1,16900.4,3446.15,6394.62
image,3041,858,1,578.1,126.93,308.55
image,220,76,3,18.7,0.79,7.86
image,3177,966,4,5546.9,188.41,601.09
image,6878,10795,4,100271.4,5098.2,11462.82
image,2810,797,4,3391.1,151.68,438.83
image,7060,11080,4,82979.4,4967.44,11984.39
image,6055,8517,1,4655.0,2079.93,5650.97
image,7543,12728,3,44301.2,6441.64,10314.61
image,2080,3851,3,2345.7,526.67,1062.24
image,1779,3076,1,2017.8,311.9,673.33
image,6584,11906,3,43422.5,4965.42,11117.99
image,921,1479,4,773.6,82.81,180.99
image,6084,2851,4,9199.7,1042.15,2132.44
image,6276,7020,1,5315.9,2497.29,4588.5
image,1001,1095,3,1220.8,56.15,169.82
image,3598,7130,3,36207.9,1663.83,4938.65
image,5986,3424,4,37591.7,1680.33,3637.93
image,242,307,4,48.8,5.32,16.49
image,4064,7107,1,12253.3,1582.06,2614.09
image,3543,5926,4,7974.2,1219.93,2621.67
image,2376,2076,4,2651.0,266.09,688.73
image,5584,5693,3,16317.3,1582.66,4480.39
image,3218,5096,3,11981.2,925.22,2441.88
image,7463,4376,3,46391.9,2013.75,5141.85
image,671,886,1,225.7,31.56,86.73
image,5953,9681,4,104896.2,4047.64,10721.31
image,2186,4269,1,311.7,463.0,957.78
image,6588,6619,4,63787.7,2890.28,6614.99
image,1899,1966,1,126.1,167.71,449.09
image,74,127,4,13.5,0.16,5.75
image,1342,1980,3,2071.4,137.5,267.08
image,6020,6075,3,22490.0,2171.31,4712.51
image,2552,1422,1,60.3,222.65,352.33
image,7461,7246,4,30550.6,3682.86,6646.47
image,3491,3873,3,6585.8,859.4,1939.38
image,472,457,4,153.0,11.23,34.03
image,1153,2120,3,3066.6,143.84,431.65
image,646,664,4,359.4,29.09,52.57
image,1378,748,4,1983.7,83.54,203.89
image,6907,12262,4,77867.8,4693.38,11030.86
image,3675,7011,3,14641.7,1587.8,3045.81
image,3686,1842,1,3092.5,399.91,879.03
image,6855,7921,1,13444.7,2397.27,5651.74
image,1032,1167,3,634.4,62.92,150.98
image,3758,5024,4,10455.5,1209.61,2312.06
image,3244,4151,4,24685.5,940.87,2720.69
image,2505,1348,4,4980.4,168.86,628.25
image,4691,1633,3,2267.0,406.67,795.19
image,970,312,1,129.7,15.93,42.39
image,4239,2991,1,2326.7,788.72,1343.57
image,2008,3521,3,9625.6,448.3,1111.3
image,1036,1898,4,324.7,101.8,217.69
image,787,514,3,298.7,30.56,61.62
image,627,709,3,598.5,24.8,78.01
image,3987,1623,3,5258.2,326.38,934.03
image,2501,2714,3,1515.2,378.42,621.71
image,3704,3303,1,5505.6,617.39,1559.82
image,7039,12817,3,51223.9,4405.37,9703.87
image,494,372,4,200.7,9.98,34.69
image,3736,5501,4,16131.8,1120.3,2862.53
image,2149,1697,4,1915.1,166.75,455.72
image,7467,11436,1,33488.3,4591.46,11114.66
image,2326,2976,4,5960.1,401.47,1052.46
image,7023,10899,1,22277.2,4466.08,8732.33
image,7480,8769,1,30652.1,3322.04,7029.12
image,7642,8857,4,45900.4,4085.77,10122.3
image,7135,4232,1,13641.9,2033.11,4057.51
image,2953,1528,3,1285.4,270.8,581.25
image,4023,3733,4,4907.8,650.88,1697.8
image,7609,12171,3,96850.6,5009.54,13623.88
image,3529,6669,4,11664.9,1360.21,3238.84
image,2004,1326,4,970.5,154.64,300.97
image,5721,3968,1,10770.7,1242.44,3407.7
image,5927,3754,1,4740.1,1171.77,2812.5
image,61,21,3,1.4,0.11,4.26
image,258,210,3,12.9,3.07,7.86
image,3067,1783,3,167.9,328.07,531.45
image,5641,5195,1,2812.5,1346.83,3413.96
image,4359,4970,3,11526.3,1166.81,2458.39
image,7302,4051,3,42575.9,2048.28,5054.22
image,5580,10305,1,22765.4,3200.28,7318.23
image,4078,6378,1,9728.9,1314.9,3344.51
image,556,158,3,92.0,5.82,16.24
image,6835,11545,1,9303.8,3898.98,9786.52
image,366,387,3,181.7,9.69,26.08
image,6872,7403,3,42252.5,2753.58,7285.06
image,667,894,4,644.0,31.87,103.83
image,5067,7096,1,6564.0,1789.39,3897.4
image,2039,731,1,450.9,68.98,173.67
image,6463,3746,1,3518.8,1198.76,2671.4
image,5652,9927,4,50849.2,3067.72,8727.43
image,7295,9291,1,5359.7,2951.67,7551.11
image,613,501,4,348.4,19.8,52.23
image,6006,5131,4,52565.6,2103.0,5579.63
image,2873,2072,1,2653.9,335.25,883.38
image,2693,1559,1,911.6,201.34,467.44
image,2468,3842,3,11370.5,704.24,1532.21
image,5321,4395,1,9002.5,1319.99,2529.76
image,6770,12019,4,52948.1,4138.22,10444.31
image,1138,563,1,198.3,38.36,83.01
image,5602,1518,4,11466.7,576.32,1373.2
image,4933,5293,3,2510.8,1361.9,2512.17
image,7358,3124,4,24380.0,1262.74,3692.73
image,7050,7494,4,100443.7,3263.54,8643.66
image,7342,10507,4,104638.5,4810.53,12229.6
image,5723,2518,3,7129.3,799.41,1661.81
image,4540,7411,1,1817.1,1629.84,3045.68
image,3455,4636,3,10544.8,920.74,1969.09
image,18,22,4,0.7,2.09,4.85
image,2826,983,1,705.0,151.4,332.15
image,5357,8947,4,89617.6,3657.55,7936.77
image,5762,8477,4,58085.3,2943.9,6818.37
image,6028,10985,1,20604.7,3277.65,8034.28
image,5827,8108,1,16583.1,2744.46,5869.32
image,5706,9525,3,77641.0,3588.51,8236.44
image,7404,6850,3,72945.3,3156.81,9286.07
image,3241,1803,3,5491.7,350.22,907.92
image,3842,4677,4,1142.9,831.23,1698.11
image,7392,2944,1,1539.3,1190.41,2300.68
image,5255,5236,1,3065.7,1496.49,3137.21
image,470,834,3,21.9,20.93,46.49
image,2876,1719,3,3161.5,268.38,724.74
image,4374,4536,1,4449.0,952.23,2322.89
image,3406,3154,4,5044.0,572.11,1346.63
image,3166,2025,4,7272.1,350.44,1038.85
image,6420,11208,1,24366.2,3843.77,8745.76
image,2215,4234,1,2880.2,581.51,1008.74
image,3550,6690,1,4612.3,1225.52,2612.56
image,5692,10633,3,9181.2,2618.38,6444.73
image,4752,4597,4,6970.2,1324.41,2866.61
image,636,227,1,2.4,6.58,21.44
image,2021,3544,3,2175.5,395.19,939.96
image,6257,1695,3,4194.1,659.71,1067.5
image,2819,2257,1,252.2,326.27,744.86
image,7129,4859,3,19678.9,1603.54,5053.51
image,3275,4874,1,6209.0,860.38,1813.14
image,4368,4154,1,4281.4,998.75,2031.01
image,5737,4949,4,17767.9,1562.74,4327.06
image,67,76,1,1.7,1.83,8.69
image,3093,1865,4,7737.2,402.95,1105.5
image,5941,2358,1,1871.8,721.36,1617.69
image,862,554,1,217.5,27.99,67.23
image,4791,4533,1,7474.6,1041.86,3062.17
image,7168,3955,1,5047.5,1587.91,2961.72
image,3310,5962,3,5672.6,999.36,2058.3
image,7309,10959,4,123771.4,5399.36,14777.34
image,1307,1537,4,2312.7,115.79,296.58
image,6259,11835,4,86210.9,4597.51,11729.37
image,7032,6416,1,19156.8,2228.67,4300.4
image,6559,3947,4,36895.3,1888.36,4796.19
image,7142,14224,3,122875.3,6627.25,16046.21
image,7426,14436,4,112610.1,5936.62,16258.01
image,4821,1706,1,3071.7,484.54,903.95
image,1055,278,1,141.8,17.11,46.02
image,6430,9061,3,59189.3,3457.56,8598.88
image,6556,3334,4,26693.5,1444.01,3576.66
image,5310,10197,3,70226.7,3051.46,8506.09
image,3774,3851,1,4089.1,724.22,1517.66
image,1176,1417,1,47.2,87.36,166.06
image,2327,3751,1,3114.3,450.4,1011.08
image,7397,7619,3,57138.6,3543.73,9316.43
image,6666,9025,3,12016.3,2937.77,6715.28
image,7263,5486,4,3888.8,1790.16,4321.07
image,2242,819,1,762.1,98.89,208.2
image,7538,9285,3,73046.4,4066.6,11284.63
image,1635,2824,3,3889.8,311.06,702.7
image,5210,6800,1,4461.1,1696.75,3104.58
image,7076,4945,4,26542.3,1943.09,4983.25
image,6175,9509,3,53716.7,3480.35,7713.02
image,6591,4888,4,17515.4,2023.56,5012.37
image,5694,6296,3,32727.4,2277.16,5885.86
image,6792,6175,4,57320.5,2374.32,6431.59
image,4254,6509,3,1421.4,1471.61,3000.16
image,6687,10551,1,7424.3,3576.9,6277.86
image,759,597,3,114.6,27.57,47.2
image,1766,2685,4,5845.4,275.95,876.18
image,5126,7328,1,11626.8,1351.5,4672.05
image,1557,2503,4,1418.6,219.78,448.13
image,2467,3653,3,12461.0,664.79,1722.76
image,107,81,1,0.6,0.3,6.49
image,5388,3750,1,5369.3,850.12,2497.69
image,3475,4103,1,4711.4,691.48,1657.08
image,2262,3323,3,9772.6,484.18,1193.12
image,2863,1220,3,2283.8,236.41,407.49
image,6162,9645,1,1501.4,3406.63,5297.0
image,884,1715,3,865.2,93.74,193.13
image,322,399,1,52.6,6.62,22.22
image,2027,2715,1,847.8,341.96,641.04
image,4628,2279,4,13821.3,543.36,1828.87
image,1921,2271,1,1093.7,253.9,474.09
image,3607,3630,1,5163.0,687.39,1727.78
image,1473,2931,3,3904.6,266.87,608.46
image,475,555,1,18.8,11.5,34.01
image,518,424,3,37.3,11.26,28.77
image,5366,7865,3,7606.8,2197.75,4919.97
image,220,153,1,5.5,3.22,9.15
image,6655,9426,1,3972.5,2212.77,7383.14
image,7172,2981,4,28661.9,1428.95,3835.04
image,4281,8211,4,58371.9,2541.42,6393.09
image,7068,5134,4,20820.9,1940.59,5050.21
image,3820,2847,3,11948.0,625.02,1706.52
image,3293,5912,3,4835.1,913.57,2175.67
image,2777,1559,3,5487.4,278.97,621.35
image,4308,7526,3,22750.9,1585.53,4000.84
image,2435,3546,4,13704.2,686.01,1525.85
image,3303,3814,4,16369.1,795.56,2237.33
image,1107,1912,4,3556.4,142.57,358.63
image,1077,622,3,774.7,45.28,97.58
image,893,1712,4,2895.7,114.41,310.5
image,1019,962,4,1476.3,52.28,178.57
image,356,622,4,218.0,13.91,42.39
image,5925,7922,1,8422.1,1942.87,4774.58
image,1875,2007,3,1313.0,234.85,417.42
image,2436,4172,1,2958.3,521.78,1108.36
image,2782,1183,1,830.6,176.62,318.86
image,6255,9117,4,59535.4,3446.49,8645.49
image,4017,6896,1,5116.6,1582.23,3282.78
image,103,148,1,3.7,2.51,7.33
image,459,804,4,575.4,24.69,70.07
image,4458,4611,1,7312.5,1018.77,2835.36
image,5480,7730,3,43451.6,2122.04,6258.14
image,1406,1200,1,365.7,89.27,192.8
image,7214,4670,4,51244.8,2219.02,6167.88
image,2006,1921,1,1496.4,276.49,619.02
image,7600,12825,3,44699.8,5425.83,11817.12
image,7276,3764,3,14416.8,1700.23,3480.74
image,5771,4003,1,1859.0,1244.55,2562.3
image,4693,5403,1,4475.7,957.42,2663.75
image,4031,6832,1,7050.2,1563.07,2862.65
image,1915,1259,4,3126.0,167.46,395.78
image,5482,9861,1,17583.7,3072.59,6838.19
image,6111,9133,4,78808.3,2689.59,9397.97
image,2149,3510,1,2060.4,371.23,846.26
image,6346,1925,4,17003.0,687.06,2079.87
image,2203,4279,3,10552.4,583.75,1727.47
image,1282,1700,4,3358.6,96.57,424.92
image,4471,2281,1,3097.7,484.56,1183.34
image,4543,6092,3,35051.5,1782.39,4368.74
image,5164,6732,4,33668.5,2266.68,4593.1
image,4227,2362,3,5335.5,651.69,1289.79
image,543,954,4,641.6,27.86,102.61
image,2410,932,4,232.9,105.54,267.69
image,6121,12218,4,7078.4,4190.95,7804.75
image,3384,3441,3,9941.7,721.33,1654.34
image,7015,9001,3,82613.1,4072.77,9615.99
image,1208,1847,1,635.3,116.59,269.06
image,3042,2918,1,2062.5,455.95,1000.49
image,3634,4229,3,7525.0,814.73,1686.66
image,6501,5934,3,24148.0,2304.81,4949.36
image,29,19,3,0.1,1.19,8.05
image,7141,13716,3,122853.7,6170.66,14987.9
image,6820,3838,3,5151.5,1416.8,2600.6
image,6267,9754,3,47830.0,4117.61,8550.68
image,1643,3021,1,170.8,257.49,599.16
image,159,155,4,40.1,3.68,10.26
image,2098,2742,4,4751.7,339.26,942.61
image,7317,6753,4,78011.7,2733.76,9005.77
image,3009,3162,4,11022.5,616.99,1329.12
image,2337,3131,1,2605.8,345.58,862.56
image,704,541,1,80.5,18.38,57.07
image,3790,5342,4,6925.5,1239.52,2286.31
image,658,1007,3,688.1,44.66,111.31
image,3641,6104,4,21494.4,1244.2,2916.08
image,7519,4382,3,46912.5,2079.19,4292.64
image,609,568,1,16.2,21.2,32.84
image,4604,1371,1,1166.4,252.19,700.86
image,6613,3517,3,15670.0,847.36,3210.16
image,4154,5698,4,42736.5,1657.3,4003.5
image,3155,3823,1,3543.9,546.67,1475.71
image,3122,3001,1,471.3,433.34,971.59
image,78,86,1,1.4,2.98,5.34
image,4973,2260,3,4920.0,552.62,1437.47
image,3304,5989,4,12635.9,1159.82,2652.03
image,2867,5711,3,20601.5,1246.47,2886.11
image,5721,7697,3,33310.9,2692.7,5823.81
image,6540,8964,3,85085.1,4294.9,10289.82
image,1834,3007,3,5433.0,311.27,780.62
image,6246,9533,4,65633.9,3791.54,9872.18
image,3561,1965,1,1389.8,306.43,799.57
image,5137,7809,4,62880.6,2836.84,7100.8
image,766,664,4,808.1,38.86,104.15
image,3954,3427,3,15502.7,794.73,2397.66
image,1569,821,4,1653.5,96.58,213.54
image,5212,7168,3,36842.4,2400.9,5572.31
image,2591,2820,1,646.8,348.1,671.83
image,5862,4831,4,28428.2,1472.64,4188.48
image,4735,2299,4,10575.1,757.83,1540.43
image,370,307,4,66.1,5.31,17.04
image,3082,3949,4,8305.5,591.14,1584.94
image,707,339,4,308.1,17.88,42.25
image,1561,2831,3,4873.6,216.02,689.55
image,6470,5089,4,8419.6,1537.91,4227.0
image,7546,14223,4,76363.5,6381.84,12357.6
image,3714,4595,3,18631.7,889.19,2377.45
image,4873,2328,3,13708.0,762.39,2001.82
image,4087,2668,4,1516.6,484.24,1065.93
image,1051,411,1,123.8,23.6,54.24
image,1990,572,3,287.7,57.88,120.89
image,6926,4940,4,62996.3,2391.5,7440.39
image,3455,2779,4,7584.3,706.96,1234.35
image,5342,9564,1,18428.4,2466.25,5786.8
image,5545,3824,4,28569.9,1258.2,3520.13
image,4446,3390,3,15510.2,1094.32,2439.79
image,2231,2928,3,2681.3,356.4,999.78
image,3381,5403,3,12881.4,816.94,2537.63
image,2402,1772,4,6929.4,289.38,706.82
image,2506,4536,1,5428.0,638.71,1615.88
image,3855,3380,1,3265.9,705.52,1475.06
image,5033,6870,4,2096.8,1374.52,4344.9
image,4110,6887,4,13183.8,1209.8,3356.77
image,2510,1084,3,926.3,137.76,296.42
image,5774,8293,3,38495.7,3611.71,6791.78
image,2815,3459,4,7497.9,585.38,1343.69
image,1296,1360,4,973.8,108.78,249.24
image,6879,10693,1,10915.0,4288.0,7709.09
image,691,1239,4,1514.0,69.26,165.28
image,2272,1277,1,503.1,154.8,351.78
image,5294,9209,1,14635.0,2277.8,4323.17
image,6747,11153,4,58287.4,5373.23,10417.73
image,3846,3321,1,2992.8,661.83,1345.92
image,418,749,4,151.8,16.07,51.26
image,2133,1718,4,4369.5,312.92,525.11
image,2150,3158,3,1314.6,359.41,756.16
image,3075,1962,3,3745.8,305.77,761.71
image,6341,5380,4,27106.5,2266.1,4391.19
image,6470,12497,1,8048.0,4920.04,8850.56
image,3430,5979,1,2590.2,1264.12,2166.21
image,4607,6334,4,43684.6,1834.23,6042.14
image,6104,7326,3,14396.9,2693.31,4876.78
image,5433,10165,4,9630.3,2499.9,5437.04
image,327,594,3,43.0,10.58,25.47
image,1260,1815,4,3473.1,142.89,383.4
image,4252,5339,3,21163.4,1316.83,3430.44
image,4700,5437,3,1517.8,1416.24,2881.25
image,3691,3778,3,13211.0,793.0,2226.34
image,6951,9995,3,13756.0,3604.98,7406.49
image,5155,8306,1,2854.2,2008.89,4129.27
image,5279,9151,1,14983.4,2197.76,4616.88
image,1503,1471,1,305.3,136.03,264.29
image,3118,4883,3,21096.8,1078.47,2585.34
image,7351,6528,4,46061.3,2399.51,6671.31
image,6047,1709,3,10377.1,594.73,1716.41
image,7190,5396,4,34580.4,2339.05,5840.43
image,1307,405,3,334.0,28.59,76.43
image,1669,1537,4,694.4,149.72,345.71
image,3367,6256,3,17390.2,1135.15,2785.22
image,6985,13912,4,37059.9,6023.7,11219.58
image,6250,3926,3,18212.3,1391.55,3493.5
image,1129,288,1,68.6,17.36,43.27
image,6230,9435,3,42034.6,2611.61,8908.74
image,535,634,1,32.1,13.53,38.68
image,3242,6385,1,4627.6,1132.13,2175.42
image,6711,11626,3,14306.9,3800.55,8518.81
image,1744,1621,3,2874.8,154.6,476.18
image,5736,8305,1,20644.3,2791.61,5713.69
image,5323,3297,3,2955.2,934.43,1314.3
image,5042,6196,4,57052.9,2378.12,6849.31
image,4047,6638,4,33393.5,1741.59,4781.88
image,5300,3579,1,4968.9,1028.22,2526.6
image,4133,1707,4,2089.0,304.59,825.88
image,7114,10544,3,105072.9,5039.84,12666.82
image,4258,4817,4,36302.4,1478.15,3815.23
image,6401,7061,3,46415.5,2640.8,6519.68
image,6999,12932,4,121056.6,6248.85,14097.8
image,5480,2461,4,22051.9,895.74,2719.14
image,4336,3617,1,2056.3,661.88,1816.29
image,4234,5283,1,6518.3,1432.77,2358.26
image,6835,11036,4,30343.5,3638.08,9209.62
image,2127,670,3,356.4,82.86,181.74
image,1521,1955,1,896.1,169.77,399.02
image,4429,3542,3,1891.3,860.56,1803.55
image,4353,3278,1,4340.8,812.15,1766.45
image,7610,13812,3,70801.4,6644.19,13414.22
image,5219,5785,1,13180.4,1433.54,4069.54
image,2238,1947,4,878.5,199.6,414.56
image,868,634,4,384.1,35.4,75.98
image,217,257,3,26.6,4.65,16.96
image,5806,7043,3,45433.2,2396.83,6465.15
image,349,198,3,74.2,5.2,13.05
image,3331,4164,1,6697.8,728.02,1761.06
image,2673,1823,3,6790.9,316.0,936.47
image,5947,6629,4,70087.3,2982.68,7393.49
image,4396,7370,3,24178.6,2215.25,4866.61
image,2762,5161,1,1251.6,625.28,1196.78
image,4677,1581,4,1492.2,449.86,796.92
image,3909,2656,1,1202.0,513.02,1272.87
image,4189,5038,4,15997.7,1215.04,3004.47
image,1607,2595,4,207.7,224.49,393.99
image,2279,1576,1,659.0,192.74,417.94
image,5911,3720,3,9020.3,1470.59,2867.45
image,6922,5860,3,26019.7,2357.65,5115.81
image,4666,8486,1,10295.2,1549.51,4063.76
image,1284,750,3,1076.5,70.04,143.86
image,4019,5389,4,37412.8,1663.06,4143.6
image,3562,6245,3,19230.9,1301.47,3480.65
image,4500,1867,3,9852.4,550.45,1432.18
image,5653,1513,3,5741.8,509.06,1159.77
image,6673,12790,4,16250.8,3761.66,10089.53
image,1969,2358,3,839.9,202.74,444.86
image,2350,3554,3,7099.5,393.1,1247.86
image,3228,4098,4,20037.8,760.22,2394.03
image,2859,5715,3,9111.3,1061.32,2149.4
image,6962,13398,4,93459.1,5916.74,12603.46
image,4776,1272,1,2645.0,366.37,716.29
image,2188,2051,1,1973.0,227.91,489.65
image,2487,1896,4,1096.3,290.01,550.99
image,2266,3391,1,3028.9,402.26,953.16
image,1826,2338,4,4002.8,280.6,735.74
image,4782,3671,3,8876.7,960.93,1766.79
image,7022,11442,3,38303.9,5896.8,10455.17
image,3158,4962,1,4908.3,787.22,1659.37
image,180,261,3,60.3,4.21,12.91
image,6468,9722,4,112158.3,3877.06,12247.96
image,3731,1113,1,1129.6,260.57,587.42
image,5188,6201,1,14283.1,1981.93,3961.15
image,117,69,3,4.1,0.67,5.54
image,3666,2548,4,7812.0,450.66,1285.02
image,3162,3446,1,650.9,276.82,1294.73
image,6645,11472,4,52455.9,4476.75,10760.92
image,5601,10879,4,71012.6,3744.59,10767.3
image,2855,2702,1,603.7,357.24,713.26
image,7289,11780,4,75578.8,4884.48,12041.62
image,68,125,1,1.6,-0.67,4.48
image,4655,1328,1,967.6,243.04,543.18
image,1638,1341,3,2350.7,123.53,352.32
image,5344,5332,1,10302.2,1486.66,3544.08
image,5704,9394,1,24160.2,2876.47,5488.24
image,263,511,1,50.1,8.02,21.41
image,3804,1562,1,613.9,308.24,745.88
image,2793,1192,1,1253.3,154.33,454.44
image,1897,2978,3,3172.1,292.93,744.81
image,1670,2821,1,2086.6,204.61,648.94
image,884,1195,1,402.0,48.34,137.2
image,4758,2663,4,16043.5,952.42,2195.69
image,6941,5538,1,10193.5,1603.15,4937.54
image,2065,2896,3,7719.4,366.31,1147.53
image,6558,4887,1,9593.5,1506.22,3872.37
image,3068,912,1,48.5,147.03,252.97
image,3349,3048,1,2117.6,472.38,1086.89
image,5529,4622,3,13362.6,1470.87,3210.82
image,3274,4390,1,2104.2,696.56,1497.14
image,6593,7577,1,6434.2,2857.51,4782.22
image,3113,1228,1,1620.5,195.65,450.89
image,7265,5707,4,65724.3,2356.2,8704.75
image,2486,4690,4,13476.3,757.19,1942.01
image,298,273,3,33.1,3.45,14.69
image,6171,10952,4,48041.4,3866.31,8859.78
image,1757,3309,4,1329.0,227.28,617.81
image,5171,10020,3,58090.8,2860.59,8919.65
image,5548,9217,3,47827.9,2659.07,7845.19
image,1692,2373,3,2635.2,204.89,459.31
image,2777,4096,3,13151.9,887.44,1928.7
image,7563,7957,4,7453.1,3154.62,5770.4
image,1575,878,3,1418.4,67.93,218.74
image,2710,3123,4,11513.4,590.3,1238.83
image,7504,3679,1,12243.4,1383.62,3946.55
image,3178,5686,4,17814.5,1129.88,2949.99
image,385,284,3,93.0,8.99,19.7
image,5709,2923,1,4182.9,816.25,2016.34
image,722,547,1,67.0,20.61,42.4
image,5058,7552,3,36371.5,2667.13,5750.24
image,356,427,3,180.3,8.55,31.44
image,4284,3183,3,8213.1,766.82,1668.66
image,951,867,3,597.0,39.44,117.83
image,5298,10199,1,18770.3,2627.81,6325.1
image,140,145,1,8.6,0.38,8.33
image,2291,3638,3,11053.1,498.56,1438.16
image,426,140,4,16.9,2.65,9.63
image,1927,2450,4,6754.2,237.67,769.18
image,5224,2916,1,6326.6,811.67,1771.18
image,4999,7748,3,23820.2,1893.82,4411.63
image,951,1266,1,476.3,65.22,128.85
image,2202,4117,4,492.4,476.01,905.25
image,1185,2287,3,1123.7,140.51,374.08
image,6024,4039,1,9889.7,1066.25,2661.87
image,4768,3374,3,7616.1,711.8,2120.83
image,2194,1487,1,510.8,110.3,377.97
image,291,316,3,69.4,3.33,17.58
image,3224,2624,3,3435.0,409.6,865.74
image,3565,3064,4,12652.6,586.82,2094.25
image,3628,5916,4,35263.2,1466.45,4757.47
image,3717,6196,3,17265.9,1318.37,3221.52
image,6851,5033,4,62119.6,2605.25,7060.77
image,7189,12075,1,24957.1,4253.89,8942.58
image,6030,10716,3,7520.8,2878.41,6372.03
image,4347,6944,4,52637.2,2333.71,5324.32
image,3829,1652,3,1702.4,333.43,706.08
image,4939,8804,3,36052.9,2388.89,5989.12
image,4306,6172,1,3316.4,1396.07,2879.11
image,4284,3260,4,6471.5,798.35,1756.9
image,4042,7826,4,50142.0,2046.25,4850.18
image,2948,4776,3,18115.0,790.81,2424.19
image,6273,2748,1,4571.1,849.63,1945.75
image,1012,976,3,1337.1,62.51,178.29
image,4909,5051,3,32875.0,1460.63,3553.89
image,2459,1022,4,4898.2,164.74,538.58
image,1493,2123,4,3911.1,192.47,538.55
image,4118,4499,1,1852.7,827.82,1875.88
image,5296,1555,3,10229.5,566.61,1270.38
image,5396,7208,3,35384.2,2270.34,5163.87
image,1887,3650,1,2416.3,394.15,819.87
image,998,1567,1,388.1,75.92,179.77
image,471,678,4,464.1,19.94,61.54
image,4682,8064,1,2197.8,2136.37,4027.65
image,1577,1378,3,1679.3,114.44,303.45
image,4518,4149,1,5809.8,1124.56,2300.74
image,1337,509,4,625.9,44.47,99.13
image,548,187,4,178.6,6.95,28.41
image,1002,953,1,17.2,48.2,103.05
image,2834,1831,3,6770.8,386.73,981.45
image,4246,4987,3,13003.7,1241.86,3003.55
image,6523,5441,3,42886.6,2165.59,4487.95
image,4849,3583,1,400.6,708.44,1614.55
image,6956,5409,4,25341.5,1566.14,5997.82
image,2950,3131,3,2322.5,455.14,997.24
image,3220,2752,1,155.5,404.58,724.45
image,4262,3891,1,5704.3,723.5,1829.61
image,3228,2110,3,4935.2,358.72,1124.74
image,2317,4128,3,432.7,398.91,1056.38
image,6212,6714,4,8228.4,2174.51,4549.75
image,7594,10509,3,102428.9,4975.04,14858.2
image,5587,3191,4,12279.3,1147.57,2659.33
image,1204,661,1,73.4,47.05,92.89
image,2485,1295,1,1097.1,211.12,324.92
image,347,111,4,47.0,4.03,14.47
image,1133,2080,1,1039.1,142.67,267.24
image,1715,1872,4,1386.7,190.52,419.3
image,5310,4410,1,6413.3,1187.63,2657.9
image,3037,3902,4,14348.9,686.18,2035.55
image,376,484,3,251.4,14.21,27.99
image,3681,3282,1,5208.9,821.16,1403.72
image,6492,12361,4,133520.3,4823.97,14414.91
image,4498,2673,4,8922.0,736.94,1737.07
image,6221,6307,1,5962.8,2240.16,4443.51
image,6134,4935,3,29140.3,1910.34,4630.45
image,6976,6063,4,82273.6,2780.77,6864.36
image,6944,7339,3,66782.8,2860.13,9449.06
image,1749,535,4,698.2,44.7,138.22
image,6155,3995,1,6491.0,1460.93,2407.28
image,6871,11845,3,26022.6,3976.15,9152.16
image,2797,4474,3,7158.9,644.04,1692.81
image,628,196,4,202.8,8.38,27.22
image,1296,1796,1,746.1,109.87,266.62
image,2231,696,1,730.8,82.37,170.79
image,5384,9239,4,93313.4,3488.12,9832.87
image,2734,1671,3,1960.7,275.19,559.21
image,2577,1582,3,2572.0,203.62,452.21
image,3133,5295,4,11607.8,813.36,1982.39
image,2102,3990,4,6069.6,541.44,1081.08
image,848,999,3,259.1,50.58,112.4
image,7299,13182,1,14143.9,4728.53,10159.67
image,7469,9841,4,98889.5,4718.27,14254.95
image,1501,842,3,483.9,69.8,152.76
image,5616,6925,1,13601.8,2004.94,4793.78
image,2084,1817,3,3306.4,250.13,579.96
image,1430,1704,4,4494.5,184.03,487.58
image,5762,6599,3,23085.5,2244.87,5511.87
image,3696,1461,3,4578.8,367.72,779.74
image,7532,3234,4,16974.9,1529.03,3428.47
image,5792,2813,1,3419.9,682.98,2015.6
image,4245,1274,3,5550.8,316.12,902.72
image,3010,5612,3,24606.0,1045.61,3342.71
image,3166,2174,4,10527.5,543.2,1318.25
image,652,1074,4,535.4,36.56,117.37
image,747,1467,3,620.2,61.24,152.32
image,1139,2268,4,4436.9,198.26,524.45
image,4853,6037,4,48255.6,1862.4,5308.21
image,6974,6518,1,20404.2,2320.09,5279.44
image,5997,1766,1,3788.1,466.8,1030.05
image,6540,4591,3,9151.5,1733.54,3372.49
image,6602,12774,4,95976.4,4897.47,13125.22
image,28,17,3,0.6,-0.74,2.91
image,4204,8359,1,4976.4,1899.21,4146.71
image,159,252,3,42.7,2.75,11.19
image,7375,8998,3,66438.2,3650.02,11630.43
image,445,369,1,79.6,10.87,27.51
image,6772,10975,3,100447.6,5438.05,11729.34
image,6072,9733,3,18454.2,3627.95,6606.66
image,508,467,4,179.5,13.95,34.53
image,6413,5265,1,2411.3,2022.49,3422.98
image,4610,7339,3,9583.7,1511.67,4228.84
image,5096,4030,4,31643.3,1494.97,3958.07
image,755,920,4,1286.8,55.63,149.62
image,5145,8039,3,56762.3,2691.09,7785.12
image,4721,6523,3,44248.1,2186.37,5703.48
image,206,68,4,26.1,2.36,9.51
image,6396,2955,1,7295.4,1090.61,2650.93
image,3096,5007,3,5208.1,902.37,1811.32
image,4996,4909,4,44131.1,1626.2,4059.33
image,3772,7282,1,9377.7,1816.25,3121.25
image,6516,4182,3,9503.3,1667.44,3572.21
image,5766,9228,3,12349.2,2247.68,6492.54
image,6963,2952,3,9752.7,1063.38,2450.91
image,4585,1455,1,2800.9,349.49,816.89
image,3142,4615,4,6509.4,879.54,1533.31
image,4551,5076,1,8541.8,959.11,2970.36
image,193,48,1,3.1,2.43,8.55
image,5985,11830,1,1500.6,4296.28,6740.12
image,5878,10261,3,68027.6,3624.84,9644.31
image,6540,6192,1,9121.7,2102.39,4600.17
image,781,711,4,883.5,40.63,119.95
image,2816,834,3,3406.9,144.34,322.64
image,3926,1601,1,3006.8,380.58,803.57
image,4105,3516,4,27644.3,952.41,2904.35
image,4850,5276,3,17324.1,1562.94,3866.8
image,878,233,4,306.4,15.79,36.67
image,3709,6684,4,15372.7,1640.45,3284.59
image,2028,1718,4,797.0,199.65,360.34
image,5528,3608,3,10252.3,1064.54,2381.16
image,5122,9842,3,5268.3,2258.26,5603.95
image,2051,3276,3,830.1,316.2,756.32
image,1502,794,4,1492.4,79.15,204.59
image,5105,2404,3,10470.1,666.08,1767.55
image,5737,11048,3,11467.0,2607.61,7053.69
image,4798,9365,1,19165.9,2323.71,5350.42
image,6902,10367,1,1565.2,3617.88,5984.92
image,1795,531,4,69.6,45.31,105.1
image,6518,4982,4,59928.0,2071.52,6355.15
image,3642,3664,4,3567.2,764.08,1445.66
image,5373,6950,4,28442.8,2672.93,6263.37
image,1301,2537,3,529.1,163.98,338.74
image,5666,5917,3,37052.8,2100.57,5729.48
image,5105,8591,3,24348.1,2885.56,5631.57
image,5616,7548,1,1848.4,2168.41,4318.39
image,6971,3103,4,8531.0,1200.63,2736.86
image,3503,6264,3,11529.7,987.3,2806.27
image,512,473,4,361.2,16.59,48.0
image,7292,12544,1,31440.0,3892.85,9346.46
image,139,224,4,34.0,3.17,6.5
image,5094,1669,1,3729.4,460.1,1121.2
image,3600,4047,1,1471.8,696.32,1518.64
image,7626,8019,1,28321.6,3308.18,8232.56
image,5809,2532,4,15519.1,848.0,2324.27
image,6510,2811,3,23663.8,1396.96,2563.24
image,5757,2551,4,10110.9,790.94,2288.92
image,7119,9064,3,44481.7,3749.84,10420.07
image,4440,8799,3,38149.1,2244.1,5048.95
image,4111,7975,3,35000.5,2560.92,5139.8
image,7097,14132,1,15179.5,4975.85,12237.12
image,3694,6954,3,5794.4,1213.94,3204.15
image,3116,3360,4,13180.8,579.84,1722.92
image,1764,1736,1,954.3,169.85,411.92
image,4664,8230,3,28544.7,2784.74,6055.12
image,147,189,1,4.5,3.29,7.18
image,1041,1211,4,2299.3,105.83,233.01
image,3485,2266,1,3305.2,444.96,1001.38
image,2882,3021,1,1697.8,562.17,1000.76
image,3085,3638,3,13988.0,682.7,2081.28
image,2253,1782,1,1630.9,233.46,454.96
image,558,175,3,111.3,5.12,20.96
image,6235,4220,1,4977.0,1185.54,3200.72
image,1335,1185,1,165.9,70.55,174.62
image,2960,4184,4,18278.6,1104.14,2127.14
image,1262,1287,1,94.0,80.33,153.02
image,2930,2091,1,2340.9,299.42,847.61
image,4313,3142,1,4621.8,756.59,1530.69
image,6920,6689,3,29700.3,3142.21,5961.48
image,2784,4272,3,7629.2,623.65,1514.13
image,6974,4229,1,11393.2,1542.11,3943.26
image,6454,9632,4,64735.9,3976.99,9004.98
image,5579,1933,1,4406.8,586.04,1514.57
image,5183,4552,4,11788.5,1464.84,3348.38
image,3689,1781,1,790.2,367.43,685.68
image,5869,10041,4,67745.2,3233.15,10543.7
image,4926,9155,3,48323.4,2335.69,6614.94
image,5158,10147,3,19441.7,2564.71,6445.16
image,3403,4531,1,254.7,754.41,1718.06
image,5382,7521,4,57368.2,2744.91,5839.78
image,3470,4498,4,7914.2,840.15,1937.66
image,1760,1773,3,978.1,142.14,369.56
image,4645,3646,3,728.9,776.79,1740.09
image,7040,2375,3,6299.2,927.27,1802.91
image,7329,7497,1,20260.1,2959.69,6387.54
image,2206,2853,4,10279.7,406.9,1063.03
image,4909,7212,4,39214.1,2302.63,5877.06
image,6593,5903,3,25400.3,2282.7,4974.89
image,4853,3021,1,7057.5,865.87,2011.41
image,4363,8003,4,51245.8,2523.83,6576.37
image,406,396,1,28.0,7.4,24.44
image,1533,612,3,646.4,42.16,131.38
image,1560,986,4,2615.1,106.96,288.76
image,6843,9367,3,28540.0,3698.57,8992.29
image,682,1226,3,693.0,59.08,102.49
image,1835,1781,1,179.0,210.11,374.31
image,5688,2620,1,4889.4,667.94,1577.73
image,5833,11153,3,37931.7,3822.04,8949.06
image,4701,3720,4,31536.0,1190.36,3191.17
image,4300,6503,4,48091.5,1681.45,5184.01
image,6993,1943,3,8834.2,810.54,2033.03
image,2137,3031,1,1252.4,247.3,785.17
image,4131,4263,4,880.5,908.66,1838.59
image,2994,1282,4,1002.0,217.98,515.87
image,1109,1282,3,383.3,86.25,157.04
image,1974,1122,1,1028.5,144.83,292.85
image,1878,2191,3,546.7,205.3,362.03
image,4617,8414,4,58617.1,2664.53,7439.93
image,2045,3340,4,609.8,350.5,687.24
image,7290,2258,4,18184.0,1146.88,2419.62
image,5541,3075,3,6727.6,806.34,2214.58
image,5223,2769,4,10186.9,814.37,2054.3
image,6432,3715,1,5441.9,1078.57,2730.37
image,1172,1141,1,363.5,69.66,145.22
image,2935,1782,3,1959.7,282.38,629.09
image,4125,5696,4,31215.3,1792.7,4330.23
image,4228,7121,1,10137.0,1486.58,3086.2
image,2523,1229,4,816.2,158.72,359.87
image,5868,10742,3,44843.2,3545.2,8650.68
image,1606,2118,3,2539.2,173.49,507.05
image,2246,2017,4,921.6,190.5,488.18
image,4731,6506,1,10422.5,1860.46,3718.42
image,1334,1920,4,545.1,140.58,259.92
image,4337,6504,1,4808.7,1414.78,2955.53
image,5064,6461,3,27781.7,1853.0,4759.62
image,6749,9839,3,50140.0,4001.65,10092.36
image,1881,2629,4,6092.0,371.39,736.32
image,726,408,4,169.2,19.7,35.64
image,6909,3546,4,25512.7,1693.76,3142.05
image,3399,5637,4,10814.9,914.21,2944.12
image,6108,7739,3,37179.0,2854.66,5996.8
image,5995,10154,4,89806.4,3986.76,8912.21
image,6252,3139,4,11135.5,882.12,2420.9
image,7111,6248,4,30113.5,2631.35,6479.06
image,3931,6237,4,31957.6,1498.29,3492.03
image,6239,7648,4,9019.5,2300.62,5857.97
image,1189,2156,4,4171.7,154.83,545.11
image,3597,2432,4,10149.1,611.1,1360.95
image,5945,3806,4,26490.4,1340.63,3395.53
image,1604,555,4,903.3,45.77,141.02
image,2197,2186,3,5698.4,294.63,799.11
image,346,441,3,164.2,9.87,28.12
image,2547,751,3,2558.4,136.16,354.93
image,1674,3311,1,264.1,286.49,578.54
image,2008,3640,4,3761.5,553.02,979.1
image,5953,3613,1,8588.3,1080.95,2444.72
image,2308,2475,1,1566.4,336.22,646.84
image,5942,2935,3,7930.7,923.57,2307.55
image,2860,4784,4,17135.2,967.93,2265.38
image,1067,2067,4,3473.1,160.33,409.82
image,5142,3165,4,15846.2,901.34,2658.05
image,4341,8127,4,19515.7,2170.13,4401.6
image,7644,6614,4,11489.4,2556.3,5872.37
image,7167,11810,1,32419.0,5049.32,9710.69
image,6117,10420,4,107599.4,4051.22,13565.86
image,5740,5354,1,10013.0,1416.54,3334.8
image,7265,6033,3,23438.4,2277.92,4316.07
image,4265,1638,3,4412.6,503.46,984.71
image,5295,7425,1,17698.9,2480.89,4099.25
image,2081,2752,1,225.7,329.78,642.0
image,6317,9944,3,11535.4,3739.94,6058.75
image,6883,5452,3,12869.1,1603.15,4039.93
image,6741,13090,1,31893.5,3676.39,9621.75
image,4825,2409,1,159.9,605.14,1367.52
image,3229,4039,1,3067.2,536.96,1360.0
image,126,66,1,1.6,-0.23,4.25
image,2449,4877,3,16984.7,751.51,1989.83
image,1456,1921,3,3174.1,157.29,405.62
image,2848,2276,4,2961.9,299.08,998.56
image,4693,2747,4,4126.0,737.96,1512.71
image,6638,13035,3,30174.4,5370.89,10848.0
image,4421,7642,3,17106.3,1571.4,4788.76
image,213,422,3,117.5,5.9,21.24
image,2718,3566,4,15135.1,641.59,1749.47
image,5825,9726,3,63322.1,2774.27,8551.24
image,6412,12301,4,133327.1,5866.6,14783.18
image,5064,5887,3,16686.4,1625.87,4039.21
image,7497,10249,4,18201.3,4507.3,7835.14
image,2563,4851,3,16620.2,698.59,2047.28
image,7122,8996,3,17868.8,3696.55,6003.11
image,6793,12387,3,9959.0,3189.8,9652.24
image,6952,8972,3,69716.7,3264.93,10995.56
image,4094,5755,4,21677.9,1314.56,2989.15
image,5200,3539,1,2274.3,985.69,2185.82
image,3095,2927,4,13735.2,570.55,1570.43
image,4473,6332,4,36196.5,1905.88,5091.53
image,618,182,3,53.3,5.64,18.51
image,1820,2601,4,3065.7,214.65,613.15
image,1284,867,1,105.7,55.32,110.68
image,1885,1058,3,211.0,108.72,221.64
image,1230,778,3,1339.8,64.4,211.82
image,3361,6645,1,2446.8,1541.41,1850.61
image,2095,2475,3,6907.0,246.07,670.09
image,1832,2056,1,644.7,171.92,389.67
image,4222,6468,4,23619.7,1640.32,4208.45
image,6412,7790,3,64207.2,3045.1,7378.38
image,528,247,1,7.3,6.31,18.3
image,641,790,3,557.0,28.03,65.72
image,1925,1053,3,1697.6,106.44,280.46
image,3020,2163,1,3178.1,387.63,792.39
image,4517,1599,4,13532.8,538.89,1473.59
image,1512,1835,4,4129.1,184.49,455.14
image,1999,3592,1,1714.9,420.32,799.75
image,3391,4217,3,5319.2,765.0,1514.13
image,1763,1177,1,132.2,109.62,210.32
image,3873,7334,1,11580.6,1492.67,3101.47
image,1445,620,4,1732.5,64.73,205.42
image,647,931,1,264.2,30.91,94.54
image,2934,4922,1,3219.6,803.09,1912.31
image,6015,5596,3,33746.6,2295.98,4887.33
image,4957,6973,3,22258.7,2166.69,4635.54
image,6237,6521,1,12620.5,2276.97,4667.98
image,5581,5318,3,35446.4,1964.39,5401.56
image,7469,2938,3,13690.7,1058.32,3108.35
image,1597,1792,1,73.1,131.85,279.45
image,4528,5153,3,22077.3,1312.8,3689.22
image,3417,1585,3,3937.8,343.63,710.79
image,3748,5378,1,4341.5,1025.92,1881.23
image,6738,4649,4,50122.5,2563.5,5666.21
image,3466,6529,3,25616.8,1410.43,3872.26
image,1820,3407,1,1822.3,383.65,707.58
image,4919,9710,3,10975.5,2635.25,6051.51
image,5868,5168,4,12931.8,1752.3,3050.84
image,6541,5196,1,16288.1,1798.72,4746.1
image,2991,5577,4,7318.8,1078.73,2214.13
image,3632,3451,1,6027.8,624.79,1492.76
image,2581,3860,4,15060.4,688.39,1766.3
image,735,377,3,122.0,12.33,39.19
image,3053,5007,3,13478.0,806.54,2334.76
image,1557,1184,3,1422.6,109.64,235.42
image,7446,12500,3,121143.6,5055.29,14145.55
image,5106,2426,1,5657.5,671.01,1227.84
image,942,939,4,1064.3,57.0,143.28
image,5587,5289,1,5092.6,1597.28,3223.5
image,4793,4430,1,1530.2,1114.06,2338.24
image,2065,2307,4,5831.8,259.68,769.0
image,3623,2374,3,3566.6,484.47,1157.43
image,2345,4089,1,2976.5,493.62,1109.18
image,1126,1913,1,309.2,98.93,243.34
image,4776,2072,4,16709.5,640.19,1594.88
image,6462,5348,4,1876.3,1629.33,4051.45
image,7567,9586,1,9690.7,3441.55,8235.81
image,3078,5519,4,6954.4,788.05,2033.52
image,727,349,1,100.4,14.35,34.43
image,790,1578,3,1106.9,56.9,188.67
image,2038,2013,3,3942.3,230.36,632.54
image,5734,7264,3,52943.2,2020.88,7643.24
image,5814,1773,3,3354.8,614.03,1109.95
image,19,25,1,0.2,-0.26,4.16
image,5324,2791,3,1635.2,792.98,1745.24
image,1462,1981,4,4532.0,154.18,564.28
image,4534,2622,4,6070.0,621.33,1602.0
image,6384,12702,4,89912.9,4753.91,11910.43
image,1467,788,3,965.6,78.89,186.65
image,5788,8473,1,21558.6,2525.66,5162.22
image,2335,4612,3,5580.3,613.4,1580.83
image,3790,6234,3,33408.1,1503.45,3706.84
image,4516,3260,4,14530.5,1016.96,2094.98
image,367,482,3,219.9,13.18,33.39
image,4315,4923,1,1832.0,1199.39,2259.97
image,6270,6970,4,81838.0,2981.65,7542.4
image,6464,3523,1,4126.2,1123.87,2292.09
image,3713,2315,1,1885.4,318.74,1037.23
image,2300,2219,1,2097.0,276.06,656.2
image,4145,1316,3,5588.9,419.8,1014.4
image,3149,2522,4,4459.1,378.02,1055.99
image,3259,1799,3,6510.9,337.86,877.52
image,150,89,3,16.9,0.62,8.88
image,5270,1336,4,6280.7,392.76,1086.15
image,2021,2303,3,1989.9,230.21,647.66
image,614,282,4,258.7,13.31,30.73
image,3954,6054,4,18372.8,1361.08,2930.72
image,2675,3295,1,217.8,445.53,782.4
image,7469,8830,3,43273.8,3316.57,9334.24
image,5046,3794,3,1679.0,913.19,1836.2
image,5099,5612,4,25399.5,1855.59,3622.79
image,3846,1947,4,12390.0,582.55,1289.72
image,2844,2734,1,1131.9,418.63,843.64
image,6094,5615,4,6050.0,2035.1,4164.83
image,315,574,3,169.1,10.6,35.91
image,3166,5564,4,25390.1,935.98,2968.18
image,624,865,1,79.6,30.5,59.67
image,4490,8223,1,449.8,1474.74,3921.12
image,3505,5783,1,1731.2,1124.55,2230.0
image,7395,6300,1,4310.5,1987.72,3894.16
image,910,671,4,379.1,35.61,85.57
image,1657,1064,1,418.1,93.41,200.21
image,7006,3707,3,33837.3,1665.98,3997.99
image,4757,2904,3,11341.2,888.95,2550.27
image,994,1776,3,2402.6,129.99,317.5
image,7277,3785,3,24359.0,1540.63,4117.36
image,6269,1858,3,4992.6,627.23,1368.8
image,1432,835,4,2127.2,75.45,222.67
image,7234,5361,1,2234.5,2080.75,3625.92
image,7247,2677,1,7137.3,1124.83,2618.45
image,1573,2269,4,3286.8,192.54,486.71
image,7264,9505,3,70728.2,3646.95,8666.02
image,397,698,4,388.8,17.51,54.39
image,1370,1978,3,2444.4,167.58,342.87
image,3829,4382,4,7039.0,768.08,1884.89
image,7282,9597,1,23912.6,3129.98,6859.28
image,1059,871,4,543.9,63.8,104.92
image,1377,1144,1,684.9,74.73,190.36
image,4160,2205,3,7142.6,586.07,1302.43
image,6322,11837,3,54142.9,4297.17,9458.33
image,7457,8087,1,3170.5,2910.81,5243.06
image,2868,4287,3,14488.4,675.83,2016.34
image,6491,4093,1,8371.8,1491.36,3271.97
image,2746,2362,4,6349.7,433.5,1141.31
image,2956,1690,1,1963.3,289.99,550.09
image,314,529,1,59.9,8.18,29.31
image,1694,1238,1,881.0,121.25,244.74
image,4166,2893,4,16087.1,727.93,1945.62
image,3245,4681,3,491.4,865.61,1509.22
image,856,903,4,998.8,52.38,134.35
image,5264,7994,1,16129.9,3062.97,4482.96
image,3545,2715,1,809.1,529.04,1013.74
image,2289,701,3,581.0,90.99,211.47
image,2736,3548,4,14525.3,664.61,1718.38
image,135,42,1,1.0,1.34,7.59
image,3809,3832,1,5808.8,684.19,1635.72
image,3295,4595,4,1401.8,761.77,1603.06
image,5646,7472,4,6471.9,1867.56,4364.67
image,424,246,4,160.1,9.15,22.12
image,4058,7450,4,32341.5,1932.35,4292.13
image,2605,1230,4,4249.1,231.86,517.84
image,7156,8778,1,18082.4,3355.12,8317.12
image,1165,715,1,116.6,42.0,86.23
image,2684,2176,4,10850.1,437.37,937.61
image,4819,5993,1,4791.6,1268.85,2687.94
image,2584,2578,4,7742.3,367.04,1031.92
image,2992,3207,4,6054.6,491.34,1257.64
image,5369,8686,1,1089.8,2237.79,4671.25
image,3107,1404,4,3137.6,227.35,524.89
image,2787,2859,1,2506.8,330.1,948.28
image,4563,1399,3,3188.1,380.2,726.8
image,3345,4608,3,11748.8,1076.03,2166.89
image,3139,2561,4,15024.1,482.68,1722.6
image,4561,1873,4,15721.1,592.54,1872.95
image,191,220,3,38.4,1.58,11.06
image,5939,8398,3,8015.6,2293.29,5604.5
image,3461,2938,4,9120.3,428.83,1487.43
image,4454,7864,3,41046.6,2584.09,5291.44
image,2528,902,1,829.1,114.9,277.14
image,4146,7137,1,3211.8,1470.35,2932.39
image,7241,6057,4,65045.6,2629.49,7961.7
image,786,441,1,104.3,21.81,44.05
image,3273,2635,3,1134.9,456.79,1000.63
image,5323,4448,1,5078.1,1216.63,2180.91
image,5340,5632,3,1822.7,1411.11,2955.09
image,6301,9416,1,15253.1,3482.13,6620.1
image,2230,2856,3,3193.7,393.65,664.93
image,7561,3944,4,34400.5,1792.77,4275.53
image,5727,10581,4,117570.4,4657.73,12290.67
image,6462,6460,4,73271.1,2112.74,7814.72
image,4448,4937,1,10283.5,1243.83,2713.12
image,1058,602,3,102.3,40.14,63.43
image,7575,14949,1,20278.8,6296.28,11687.43
image,2356,2837,4,12124.8,435.8,1165.26
image,154,202,1,1.5,2.12,4.94
image,1565,1765,1,1068.3,165.44,372.99
image,3886,7506,4,29245.6,1802.59,4716.67
image,4142,6317,4,38255.1,1333.31,4318.5
image,3989,7690,4,38786.3,2169.04,4965.51
image,6640,10355,3,10711.0,4242.96,8421.91
image,209,394,3,21.3,6.81,12.3
image,4164,3687,3,19425.6,1144.31,2905.24
image,6919,11469,1,27646.8,4140.01,9969.14
image,3497,1704,1,926.7,337.36,599.28
image,1823,1948,4,3880.1,195.74,516.63
image,1252,2485,3,1170.2,156.19,406.95
image,66,125,1,2.1,1.3,5.52
image,3462,3833,3,17103.6,1046.29,2254.82
image,6121,11300,1,23591.8,4356.42,8567.11
image,638,876,4,393.4,37.4,90.61
image,6163,5015,1,7501.7,1402.12,3422.92
image,254,86,1,6.8,1.61,6.4
image,2955,3285,3,7280.0,500.46,1373.59
image,4241,1742,4,6852.1,414.19,1136.17
image,3362,1661,1,433.5,296.66,553.72
image,3387,4451,4,8723.1,897.71,1969.35
image,3123,5327,4,29245.6,1372.32,2954.36
image,6447,8805,1,15447.2,2829.32,6846.78
image,3475,3700,4,21673.8,806.86,1951.91
image,2497,3768,3,4289.2,540.05,1003.11
image,1279,1521,1,123.9,94.02,208.8
image,3845,1662,1,386.8,352.19,615.43
image,4498,2927,3,16577.0,864.22,2285.74
image,6966,5835,1,10129.7,2515.01,3984.83
image,751,1299,4,46.2,58.81,89.17
image,5700,1620,3,1502.9,410.44,978.39
image,6774,11262,4,69792.0,4392.74,8895.1
image,5460,5293,4,17001.8,1621.24,3387.26
image,5922,9579,1,8678.0,3168.02,6643.6
image,6017,11341,4,103024.2,4929.1,11839.91
image,6909,5267,4,60906.6,2447.99,6864.21
image,6714,12195,1,11505.4,4645.29,8610.04
image,5593,3761,1,4754.8,1326.4,2146.55
image,1060,826,3,670.4,51.81,127.93
image,3028,3619,4,20531.5,677.57,2379.0
image,6131,9130,3,5207.3,2508.25,5989.59
image,5585,5071,1,1127.5,1714.17,2841.15
image,3608,2394,4,11917.5,590.18,1601.01
image,713,391,3,376.6,17.66,49.98
image,6910,4524,3,3836.2,1182.13,3694.12
image,1170,390,4,116.4,22.51,56.53
image,5224,7317,3,31333.9,2060.76,5789.36
image,1631,804,3,1449.9,70.95,189.95
image,483,790,4,328.1,22.32,65.42
image,5987,11389,3,58099.4,3577.76,10407.26
image,4730,6067,3,38760.4,2051.96,4538.03
image,5886,2505,3,18061.9,930.14,2658.98
image,1703,2842,3,5534.4,364.69,697.53
image,4416,5829,4,5888.9,1022.01,2444.49
image,960,870,3,245.9,35.78,85.0
image,5202,1988,4,2564.1,579.4,1091.19
image,4857,7554,4,11588.0,1969.12,4180.19
image,6971,5185,4,37899.3,2282.5,4829.17
image,4276,3154,3,9119.0,832.21,2220.63
image,409,558,1,96.5,11.13,35.97
image,1586,2933,3,1978.9,230.05,586.07
image,6405,11667,3,34121.7,4072.68,9536.99
image,3667,1573,1,1344.7,308.86,743.18
image,2154,698,3,2088.6,93.31,236.89
image,7199,11900,1,39828.9,4888.24,11499.1
image,1368,1145,3,2169.1,100.66,240.37
image,1792,571,1,359.0,66.07,125.17
image,5784,6202,3,2943.2,1827.52,3265.21
image,6466,10737,3,52858.2,4479.43,9789.57
image,5116,5369,1,7258.7,1545.01,3203.8
image,2817,1531,4,1134.2,224.95,568.14
image,7366,13965,3,101357.9,6380.49,14124.19
image,6593,13121,4,96131.9,4907.11,12116.0
image,5897,5087,3,8445.2,1837.9,3593.76
image,5970,3523,3,26373.5,1490.35,3156.48
image,2613,2707,1,1056.1,313.0,809.43
image,1172,2149,4,4731.9,189.58,525.69
image,2378,3041,3,2993.2,455.45,976.25
image,1408,388,1,119.3,32.86,66.87
image,2003,1060,1,79.8,104.53,252.64
image,3075,2935,4,15873.8,673.56,1767.99
image,1257,1516,3,1957.4,113.54,322.09
image,788,1461,1,30.1,60.79,119.79
image,2642,669,1,802.4,102.4,242.39
image,2475,3841,1,1387.8,469.39,1116.92
image,4129,5833,3,30420.7,1649.17,3541.47
image,1476,1791,1,74.3,141.55,186.38
image,2711,1055,3,291.1,164.83,280.88
image,1757,2295,3,4770.9,231.44,618.48
image,4514,4494,1,9017.3,1036.23,2500.38
image,6541,7682,3,57522.2,4074.13,7178.97
image,5850,2257,3,6811.2,845.87,1461.78
image,1960,2379,1,190.0,233.22,476.15
image,1124,1101,3,834.2,69.08,175.02
image,1221,942,1,522.1,50.71,151.52
image,5057,7971,4,50176.1,2604.07,6081.17
image,6832,2733,3,20270.6,1129.34,2635.17
image,698,732,4,903.1,37.29,94.32
image,4258,3196,4,20852.1,787.26,2901.01
image,2787,2432,1,873.2,323.77,841.63
image,2954,3735,4,16315.3,758.92,2191.19
image,3227,4633,3,18894.3,1079.51,2761.97
image,5060,2841,3,5714.4,860.63,1654.75
image,1502,2385,1,1522.5,203.38,446.57
image,190,150,4,36.9,0.73,6.46
image,3106,4126,4,23164.6,933.55,2429.55
image,7199,5739,3,21849.2,2190.6,5068.95
image,1041,857,4,1300.5,57.38,156.62
image,5584,7530,3,54055.7,2804.64,6804.96
image,5803,3518,3,27639.8,1329.08,3308.21
image,1563,1896,4,680.0,141.42,337.72
image,2036,4021,4,7399.0,535.92,1244.83
image,1689,3025,1,963.2,235.4,604.29
image,439,836,4,57.1,16.79,45.7
image,5255,8150,1,19263.4,2381.98,4910.21
image,5464,7885,1,6559.0,2462.99,4913.63
image,6166,11768,4,134189.9,4601.99,11952.76
image,6679,9966,4,120445.8,5389.76,12999.55
image,6755,2715,1,6587.0,977.06,2140.48
image,6520,4334,4,19724.6,1640.02,4332.23
image,2437,3240,4,8427.9,507.26,1289.68
image,5992,9673,4,61293.0,3102.74,9943.94
image,2218,2260,4,7104.7,347.63,836.07
image,3981,5816,3,31396.4,1390.71,4067.58
image,1983,3389,3,4727.7,344.43,819.86
image,6837,2100,4,4115.5,702.61,1765.96
image,7170,10738,1,24919.0,3842.05,8124.76
image,5069,5885,3,14161.5,1706.36,3544.77
image,6704,2583,3,5222.0,941.81,2317.04
image,4458,4721,1,7742.6,1102.27,2597.62
image,4844,9509,3,7060.0,2540.02,5330.22
image,6774,5260,3,20050.8,1970.19,3861.39
image,380,162,4,93.9,4.02,15.18
image,4618,5659,4,27094.9,1573.54,3378.0
image,1778,3393,4,8991.2,375.37,1086.7
image,5731,6917,4,4242.8,2124.49,4245.28
image,398,699,3,28.5,13.33,30.28
image,4006,2800,3,4659.7,496.25,1299.99
image,1326,2093,1,1279.1,159.84,371.53
image,5072,3017,3,12656.3,841.72,2329.25
image,2010,3822,4,11367.3,384.27,1352.43
image,5808,6721,1,16419.7,1786.25,3943.4
image,2614,2519,1,2946.0,371.78,820.75
image,2398,718,4,1734.3,81.45,220.28
image,4892,9043,4,74132.4,3291.58,6451.42
image,3369,3704,3,11102.3,684.67,1944.8
image,1345,2344,3,1384.5,142.79,395.14
image,6310,10728,4,16317.2,3785.51,7792.75
image,6791,12488,4,136686.3,5532.43,16305.43
image,2096,1664,4,5011.8,232.0,646.43
image,864,542,3,478.3,28.25,79.81
image,2096,1585,1,1160.9,183.41,347.46
image,6719,12694,1,3373.5,4011.47,8128.82
image,2261,862,1,439.4,101.2,220.84
image,5056,3298,1,3305.1,850.66,1851.3
image,5882,11281,1,6117.0,4102.47,8001.36
image,1609,1298,4,2687.7,123.07,342.31
image,4345,1246,3,763.6,248.62,487.09
image,2553,2783,4,5517.4,387.33,1076.47
image,6992,7966,3,79666.2,3598.32,10745.03
image,1209,2018,1,974.0,117.52,277.24
image,705,1196,4,1231.9,62.42,170.22
image,2229,4211,4,9360.5,589.07,1456.82
image,5565,10720,4,89995.9,4060.8,9122.63
image,3726,6928,4,50046.5,2190.35,4693.21
image,5965,5992,4,30474.3,1753.54,5804.22
image,1836,2412,3,845.1,211.74,500.46
image,6277,9982,3,27008.1,3186.47,7824.4
image,6314,4791,3,21120.2,1453.69,3954.23
image,4335,2568,1,1616.9,577.39,1208.96
image,100,81,1,2.2,2.94,5.2
image,6794,7872,1,18970.2,2735.61,6538.46
image,7636,15193,4,164173.1,7158.93,17035.07
image,1432,1657,1,350.6,110.34,251.57
image,3961,4967,1,248.6,1119.63,2196.78
image,497,574,4,68.5,17.26,39.17
image,2209,2287,1,256.0,258.09,494.22
image,6792,12633,4,92841.4,6480.99,13380.33
image,1745,2406,4,7720.0,328.41,858.72
image,2315,1588,3,2556.0,203.2,457.06
image,3040,4325,4,3940.3,615.03,1426.6
image,922,1272,1,358.6,56.36,128.77
image,5020,1385,4,8738.6,433.89,1155.44
image,4461,4567,3,8511.8,1051.38,2192.25
image,2060,640,3,675.5,80.34,153.84
image,5226,4293,4,16650.5,1095.76,3367.14
image,466,811,4,169.0,21.02,48.46
image,6315,3523,4,38236.4,1836.19,4643.73
image,5394,9008,4,67750.0,2861.17,7224.77
image,2774,4284,4,13569.1,647.87,1781.97
image,6856,11964,4,86689.2,4165.56,10994.47
image,2597,1447,3,2723.2,208.43,522.01
image,2813,3255,4,5259.3,544.47,1024.64
image,630,1195,3,861.4,48.85,113.01
image,2062,3559,4,10596.9,480.56,1187.61
image,5641,7525,4,49382.2,2634.74,7458.36
image,5197,8283,1,20209.5,2401.17,4935.84
image,234,159,1,13.2,3.19,8.13
image,6425,10957,4,79031.2,3944.6,10745.66
image,3813,4005,1,2640.0,727.1,1766.27
image,667,1036,4,1140.0,44.23,138.52
image,4128,6210,1,3183.7,1445.03,2905.98
image,1741,1911,3,4858.2,209.26,461.98
image,7603,13583,4,135102.3,5414.3,18119.73
image,1397,1126,1,749.6,87.13,196.19
image,332,424,1,3.6,8.55,17.73
image,4507,1210,4,1160.1,245.33,591.46
image,2306,3732,4,7261.7,443.21,1243.29
image,1306,505,1,292.7,31.91,82.82
image,3958,5006,3,1573.3,1051.49,1669.47
image,7225,5198,1,6195.3,1856.47,4036.44
image,5290,5757,3,9959.5,1522.85,3493.7
image,3797,2073,3,3536.4,360.08,921.64
image,737,419,4,437.4,22.6,64.64
image,2301,2401,4,8410.0,377.71,807.15
image,3322,5392,4,33593.6,1366.33,3285.16
image,291,166,1,16.6,2.81,8.34
image,5179,2649,4,2949.2,612.96,1577.39
image,2163,3523,4,1873.3,410.91,811.71
image,3030,5316,1,627.0,854.18,1659.25
image,1775,2768,1,1658.8,311.55,509.71
image,3955,3147,1,4079.5,743.15,1421.41
image,149,63,3,10.7,1.76,3.99
image,4904,9049,4,28025.2,2339.3,5151.76
image,722,618,4,788.4,29.94,107.18
image,3714,2857,4,5421.3,689.47,1778.16
image,2386,2206,3,4873.0,306.68,800.35
image,7570,14687,1,54230.5,6194.77,14740.85
image,3979,5461,1,6976.4,1067.84,2767.0
image,5280,5214,3,19607.0,1362.61,2973.17
image,3951,3238,1,2761.6,784.96,1587.96
image,1990,583,3,752.2,65.99,133.03
image,6760,7848,3,7684.3,3236.99,6533.09
image,910,1055,3,762.9,43.49,141.98
image,1357,490,1,228.0,35.28,86.94
image,1745,1350,4,631.9,129.5,295.21
image,368,445,4,138.0,9.35,29.84
image,4389,1831,4,6989.8,423.42,1114.68
image,4273,7567,1,10346.3,1680.33,3865.71
image,6915,3016,3,17689.4,1173.67,2427.1
image,7566,11153,4,59071.3,5454.71,12462.68
image,2364,994,3,2843.8,162.48,376.11
image,2530,5000,3,15894.9,731.67,1985.95
image,1283,2395,4,1543.3,160.86,360.01
image,3721,6319,3,28431.0,1418.76,3639.96
image,3702,1724,4,3803.5,376.19,908.54
image,942,1330,1,235.5,65.58,137.29
image,549,939,1,244.2,27.13,72.61
image,4837,2900,1,5318.4,533.94,1342.19
image,6699,2806,3,26180.3,1207.48,3594.99
image,854,1634,3,953.5,78.93,146.85
image,5538,10807,4,36776.4,3300.67,7801.7
image,3772,3065,3,2888.9,540.01,1229.97
image,6735,6483,4,67358.4,3130.28,7947.71
image,6979,6169,3,10738.4,2434.41,4698.31
image,5920,2693,3,4267.6,926.42,2087.06
image,4191,1712,4,3323.5,439.86,936.4
image,862,785,3,787.6,51.22,103.91
image,3297,4018,1,4762.9,766.89,1415.07
image,5141,4520,3,2903.7,1197.01,2552.22
image,1758,2067,4,5419.0,258.35,614.31
image,2897,1501,3,5811.6,267.01,670.35
image,1257,754,3,1307.3,50.44,192.16
